Name,Games,Points,Rebounds,Assists,Field Goal %,3 Point Field Goal %,Free Throw %,Effective Field Goal %,Teams
Udoka Azubuike,70,3.2,3,0.2,70,3.2,3,0.2,"Utah Jazz, 2021-2023"
Kelenna Azubuike,208,10.5,4,1.1,208,10.5,4,1.1,"Golden State Warriors, 2007-2010"
A.J. Wynder,6,2,0.5,1.3,6,2,0.5,1.3,"Boston Celtics, 1991"
Jan van Breda Kolff,598,6.2,4.3,2,598,6.2,4.3,2,"Denver Nuggets, 1975"
Ben Uzoh,60,4,2.1,2.2,60,4,2.1,2.2,"New Jersey Nets, 2011"
Hunter Tyson,4,0.5,0.8,0,4,0.5,0.8,0,"Denver Nuggets, 2024"
Walt Szczerbiak,53,6.3,2.8,0.8,53,6.3,2.8,0.8,"Pittsburgh Condors, 1972"
Matt Ryan,43,4.8,1,0.6,43,4.8,1,0.6,"Boston Celtics, 2022"
Lester Quinones,5,3,0.6,0.4,5,3,0.6,0.4,"Golden State Warriors, 2023-2024"
Don Putman,216,4.8,-,1.3,216,4.8,-,1.3,"St. Louis Bombers, 1947"
Olumide Oyedeji,93,1.4,2.1,0.1,93,1.4,2.1,0.1,"Seattle SuperSonics, 2001"
Julius Nwosu,23,1.3,1,0.1,23,1.3,1,0.1,"San Antonio Spurs, 1995"
Svi Mykhailiuk,255,6.6,1.8,1.4,255,6.6,1.8,1.4,"Los Angeles Lakers, 2019"
Mike Lynn,49,2.6,1.4,0.6,49,2.6,1.4,0.6,"Los Angeles Lakers, 1970"
Mindaugas Kuzminskas,69,6.2,1.8,1,69,6.2,1.8,1,"New York Knicks, 2017-2018"
Johnny Juzang,18,4.8,2.2,0.4,18,4.8,2.2,0.4,"Utah Jazz, 2023"
Jeff Judkins,272,5.4,1.6,1,272,5.4,1.6,1,"Boston Celtics, 1979-1980"
Butch Joyner,2,0,0.5,0,2,0,0.5,0,"Indiana Pacers, 1969"
Kevin Joyce,180,10.6,1.7,3.2,180,10.6,1.7,3.2,"Indiana Pacers, 1974-1975"
Nikola Jović,17,5.6,2.7,0.8,17,5.6,2.7,0.8,"Miami Heat, 2023-2024"
Yvon Joseph,1,2,0,0,1,2,0,0,"New Jersey Nets, 1986"
Kris Joseph,10,0.9,0.7,0.1,10,0.9,0.7,0.1,"Boston Celtics, 2013"
Garth Joseph,4,0.5,0.5,0.3,4,0.5,0.5,0.3,"Toronto Raptors, 2001"
Cory Joseph,793,7,2.5,3,793,7,2.5,3,"San Antonio Spurs, 2012-2015"
Roger Jorgensen,28,1.5,-,0,28,1.5,-,0,"Pittsburgh Ironmen, 1947"
Noble Jorgensen,268,8.8,4.3,1.2,268,8.8,4.3,1.2,"Pittsburgh Ironmen, 1947"
Johnny Jorgensen,51,2.3,-,0.6,51,2.3,-,0.6,"Chicago Stags, 1948"
Phil Jordon,442,10.9,6.9,1.7,442,10.9,6.9,1.7,"New York Knicks, 1957-1958"
Walter Jordan,30,2.3,1.4,0.4,30,2.3,1.4,0.4,"Cleveland Cavaliers, 1981"
Thomas Jordan,4,11,4.8,0.8,4,11,4.8,0.8,"Philadelphia 76ers, 1993"
Reggie Jordan,186,2.7,1.8,1,186,2.7,1.8,1,"Los Angeles Lakers, 1994"
Matt Zunic,56,4.9,-,0.9,56,4.9,-,0.9,"Washington Capitols, 1949"
Ivica Zubac,443,8.8,7.1,1.1,443,8.8,7.1,1.1,"Los Angeles Lakers, 2017-2019"
Bill Zopf,53,2.2,0.9,1.4,53,2.2,0.9,1.4,"Milwaukee Bucks, 1971"
Jim Zoet,7,0.3,1.1,0.1,7,0.3,1.1,0.1,"Detroit Pistons, 1983"
Ante Žižić,113,6,3.9,0.6,113,6,3.9,0.6,"Cleveland Cavaliers, 2018-2020"
Paul Zipser,98,4.7,2.6,0.8,98,4.7,2.6,0.8,"Chicago Bulls, 2017-2018"
Stephen Zimmerman,19,1.2,1.8,0.2,19,1.2,1.8,0.2,"Orlando Magic, 2017"
Derrick Zimmerman,2,2,2,3.5,2,2,2,3.5,"New Jersey Nets, 2006"
George Zídek,135,3.4,2.1,0.2,135,3.4,2.1,0.2,"Charlotte Hornets, 1996-1997"
Wang Zhizhi,137,4.4,1.7,0.3,137,4.4,1.7,0.3,"Dallas Mavericks, 2001"
Phil Zevenbergen,8,3.8,1.6,0.4,8,3.8,1.6,0.4,"San Antonio Spurs, 1988"
Tony Zeno,8,1.8,1.8,0.1,8,1.8,1.8,0.1,"Indiana Pacers, 1980"
Tyler Zeller,414,6.9,4.4,0.9,414,6.9,4.4,0.9,"Cleveland Cavaliers, 2013-2014"
Luke Zeller,16,1.2,0.6,0.2,16,1.2,0.6,0.2,"Phoenix Suns, 2013"
Harry Zeller,48,7.5,-,0.6,48,7.5,-,0.6,"Pittsburgh Ironmen, 1947"
Gary Zeller,90,3.2,1.1,0.4,90,3.2,1.1,0.4,"Baltimore Bullets, 1971-1972"
Dave Zeller,61,1.5,0.4,1,61,1.5,0.4,1,"Cincinnati Royals, 1962"
Cody Zeller,514,8.4,5.9,1.4,514,8.4,5.9,1.4,"Charlotte Bobcats, 2014"
Zeke Zawoluk,179,6.8,4.1,1.2,179,6.8,4.1,1.2,"Indianapolis Olympians, 1953"
Max Zaslofsky,540,14.8,2.8,2,540,14.8,2.8,2,"Chicago Stags, 1947-1950"
Michael Jordan,1072,30.1,6.2,5.3,1072,30.1,6.2,5.3,"Laney High School Buccaneers, 1978-1981"
Jerome Jordan,65,2.8,2,0.3,65,2.8,2,0.3,"New York Knicks, 2012"
Eddie Jordan,420,8.1,1.9,3.8,420,8.1,1.9,3.8,"Cleveland Cavaliers, 1978"
DeAndre Jordan,1020,9,10.1,0.9,1020,9,10.1,0.9,"Los Angeles Clippers, 2009-2011"
Charles Jordan,71,5.2,3,0.7,71,5.2,3,0.7,"Indiana Pacers, 1976"
Adonis Jordan,10,2.1,0.6,2.2,10,2.1,0.6,2.2,"Denver Nuggets, 1994"
Willie Jones,272,7.4,2.8,2,272,7.4,2.8,2,"Detroit Pistons, 1961-1965"
Wil Jones,725,11.7,7.7,2,725,11.7,7.7,2,"Miami Floridians, 1970"
Wali Jones,678,9.8,2.2,3.1,678,9.8,2.2,3.1,"Baltimore Bullets, 1965"
Wah Wah Jones,140,10.2,5.1,3.1,140,10.2,5.1,3.1,"Indianapolis Olympians, 1950-1952"
Tyus Jones,542,6.8,1.9,4,542,6.8,1.9,4,"Minnesota Timberwolves, 2016-2019"
Tre Jones,182,8,2.5,4.2,182,8,2.5,4.2,"San Antonio Spurs, 2021-2024"
Terrence Jones,234,10.4,5.7,1,234,10.4,5.7,1,"Houston Rockets, 2013-2016"
Steve Jones,704,15.2,3.5,2.2,704,15.2,3.5,2.2,"Oakland Oaks, 1968"
Solomon Jones,281,3,2.3,0.4,281,3,2.3,0.4,"Atlanta Hawks, 2007"
Shelton Jones,51,4.8,2.2,0.8,51,4.8,2.2,0.8,"San Antonio Spurs, 1989"
Sam Jones,871,17.7,4.9,2.5,871,17.7,4.9,2.5,"Boston Celtics, 1958-1969"
Robin Jones,75,4.9,4.1,1.1,75,4.9,4.1,1.1,"Portland Trail Blazers, 1977"
Rich Jones,508,15.6,7.4,2.7,508,15.6,7.4,2.7,"Dallas Chaparrals, 1970-1973"
Popeye Jones,535,7,7.4,1.3,535,7,7.4,1.3,"Dallas Mavericks, 1994-1996"
Perry Jones,143,3.4,1.8,0.4,143,3.4,1.8,0.4,"Oklahoma City Thunder, 2013-2015"
Ozell Jones,70,3.5,3.4,0.8,70,3.5,3.4,0.8,"San Antonio Spurs, 1985"
Nick Jones,198,5.2,1.1,1.3,198,5.2,1.1,1.3,"San Diego Rockets, 1968"
Mason Jones,36,5.4,1.8,1.3,36,5.4,1.8,1.3,"Houston Rockets, 2021"
Mark Jones,10,2.3,1.3,0.6,10,2.3,1.3,0.6,"Orlando Magic, 2005"
Mark Jones,6,1.2,0.3,0.8,6,1.2,0.3,0.8,"New Jersey Nets, 1984"
Major Jones,374,4.4,3.5,0.6,374,4.4,3.5,0.6,"Houston Rockets, 1980-1984"
Larry Jones,551,19.1,4.9,3.7,551,19.1,4.9,3.7,"Philadelphia 76ers, 1965"
Kevin Jones,32,3,2.4,0.3,32,3,2.4,0.3,"Cleveland Cavaliers, 2013"
Kai Jones,67,2.7,2,0.3,67,2.7,2,0.3,"Charlotte Hornets, 2022-2023"
K.C. Jones,676,7.4,3.5,4.3,676,7.4,3.5,4.3,"Boston Celtics, 1959"
Jumaine Jones,471,7.1,4.2,0.9,471,7.1,4.2,0.9,"Philadelphia 76ers, 2000-2001"
Johnny Jones,80,5.2,2.9,0.8,80,5.2,2.9,0.8,"Boston Celtics, 1968"
Jimmy Jones,686,16.6,4.3,4.5,686,16.6,4.3,4.5,"New Orleans Buccaneers, 1968-1970"
Jemerrio Jones,8,3.9,6.5,1.6,8,3.9,6.5,1.6,"Los Angeles Lakers, 2019"
James Jones,709,5.2,1.8,0.5,709,5.2,1.8,0.5,"Indiana Pacers, 2004-2005"
Jalen Jones,32,4.8,2.3,0.3,32,4.8,2.3,0.3,"New Orleans Pelicans, 2018"
Jake Jones,17,4.5,1.5,0.7,17,4.5,1.5,0.7,"Philadelphia 76ers, 1972"
Hutch Jones,13,3.2,1.3,0.3,13,3.2,1.3,0.3,"San Diego Clippers, 1983"
Herbert Jones,151,9.7,3.9,2.3,151,9.7,3.9,2.3,"New Orleans Pelicans, 2022-2024"
Fred Jones,430,7.5,2.2,2.3,430,7.5,2.2,2.3,"Indiana Pacers, 2003-2006"
Edgar Jones,363,9,4.8,0.9,363,9,4.8,0.9,"New Jersey Nets, 1981"
Eddie Jones,954,14.8,4,2.9,954,14.8,4,2.9,"Los Angeles Lakers, 1995-1996"
Earl Jones,14,0.9,0.7,0.3,14,0.9,0.7,0.3,"Los Angeles Lakers, 1985"
Dwight Jones,766,8.1,5.9,1.2,766,8.1,5.9,1.2,"Atlanta Hawks, 1974-1976"
Dwayne Jones,82,1.3,2.3,0.1,82,1.3,2.3,0.1,"Boston Celtics, 2006"
Dontae' Jones,15,2.9,0.6,0.3,15,2.9,0.6,0.3,"Boston Celtics, 1998"
Dominique Jones,80,3.1,1.4,1.8,80,3.1,1.4,1.8,"Dallas Mavericks, 2011-2013"
Derrick Jones Jr.,352,6.3,3.2,0.7,352,6.3,3.2,0.7,"Phoenix Suns, 2017-2018"
DeQuan Jones,63,3.7,1.7,0.3,63,3.7,1.7,0.3,"Orlando Magic, 2013"
Damon Jones,657,6.6,1.6,2.7,657,6.6,1.6,2.7,"New Jersey Nets, 1999"
Damian Jones,245,5.2,3.3,0.7,245,5.2,3.3,0.7,"Golden State Warriors, 2017-2019"
Dahntay Jones,624,5.4,1.7,0.8,624,5.4,1.7,0.8,"Memphis Grizzlies, 2004"
Collis Jones,298,8.1,4.7,1.1,298,8.1,4.7,1.1,"Dallas Chaparrals, 1972"
Colby Jones,5,3.8,2.4,0.4,5,3.8,2.4,0.4,"Sacramento Kings, 2024"
Charles Jones,85,3.5,1.2,1.6,85,3.5,1.2,1.6,"Chicago Bulls, 1999"
Charles Jones,201,5,3.8,1,201,5,3.8,1,"Phoenix Suns, 1985-1986"
Charles Jones,726,2.5,4.5,0.9,726,2.5,4.5,0.9,"Philadelphia 76ers, 1984"
Carlik Jones,12,2,0.7,0.9,12,2,0.7,0.9,"Dallas Mavericks, 2022"
Caldwell Jones,1299,7.9,8.2,1.4,1299,7.9,8.2,1.4,"San Diego Conquistadors, 1974-1975"
Bobby Jones,91,3.2,1.6,0.5,91,3.2,1.6,0.5,"Philadelphia 76ers, 2007"
Bobby Jones,941,12.1,6.1,2.7,941,12.1,6.1,2.7,"Denver Nuggets, 1975-1976"
Bill Jones,37,3.5,1.3,0.5,37,3.5,1.3,0.5,"New Jersey Nets, 1989"
Askia Jones,11,4.1,1,1.5,11,4.1,1,1.5,"Minnesota Timberwolves, 1995"
Anthony Jones,164,3.6,1.3,0.7,164,3.6,1.3,0.7,"Washington Bullets, 1987"
Alvin Jones,23,1.1,1.6,0.1,23,1.1,1.6,0.1,"Philadelphia 76ers, 2002"
Howie Jolliff,138,2.8,4.2,0.8,138,2.8,4.2,0.8,"Los Angeles Lakers, 1961-1963"
Nikola Jokić,605,20.4,10.6,6.7,605,20.4,10.6,6.7,"Denver Nuggets, 2016-2018"
Jim Johnstone,23,1.3,2,0.5,23,1.3,2,0.5,"San Antonio Spurs, 1983"
Neil Johnston,516,19.4,11.3,2.5,516,19.4,11.3,2.5,"Philadelphia Warriors, 1952-1959"
Nate Johnston,21,2.2,1.1,0,21,2.2,1.1,0,"Utah Jazz, 1990"
Darius Johnson-Odom,7,0,0.9,0.3,7,0,0.9,0.3,"Los Angeles Lakers, 2013"
Wesley Johnson,609,7,3.2,1.1,609,7,3.2,1.1,"Minnesota Timberwolves, 2011-2012"
Vinnie Johnson,984,12,3.2,3.3,984,12,3.2,3.3,"Seattle SuperSonics, 1980-1982"
Tyler Johnson,354,9.8,3,2.3,354,9.8,3,2.3,"Miami Heat, 2015-2019"
Trey Johnson,23,2.6,0.9,0.7,23,2.6,0.9,0.7,"Cleveland Cavaliers, 2009"
Stew Johnson,647,16.3,6.6,1.5,647,16.3,6.6,1.5,"Kentucky Colonels, 1968"
Steve Johnson,626,11.7,5.5,1.2,626,11.7,5.5,1.2,"Kansas City Kings, 1982-1984"
Steffond Johnson,29,2.6,1.5,0.2,29,2.6,1.5,0.2,"Los Angeles Clippers, 1987"
Stanley Johnson,449,6.2,3.1,1.5,449,6.2,3.1,1.5,"Detroit Pistons, 2016"
Ron Johnson,14,2.6,2.1,0.1,14,2.6,2.1,0.1,"Detroit Pistons, 1961"
Rich Johnson,135,5,3.1,0.4,135,5,3.1,0.4,"Boston Celtics, 1969-1971"
Reggie Johnson,305,8.4,4.1,0.9,305,8.4,4.1,0.9,"San Antonio Spurs, 1981-1982"
Ralph Johnson,204,8.4,3.6,2.8,204,8.4,3.6,2.8,"Anderson Packers, 1950"
Orlando Johnson,103,3.2,1.7,0.7,103,3.2,1.7,0.7,"Indiana Pacers, 2013-2014"
Omari Johnson,4,5.5,2.8,1.8,4,5.5,2.8,1.8,"Memphis Grizzlies, 2018"
Ollie Johnson,690,7.7,3.3,1.8,690,7.7,3.3,1.8,"Portland Trail Blazers, 1973-1974"
Nick Johnson,28,2.6,1.4,0.4,28,2.6,1.4,0.4,"Houston Rockets, 2015"
Neil Johnson,380,6.9,5.3,1.7,380,6.9,5.3,1.7,"New York Knicks, 1967-1968"
Mickey Johnson,904,14.1,7.2,3,904,14.1,7.2,3,"Chicago Bulls, 1975-1979"
Marques Johnson,691,20.1,7,3.6,691,20.1,7,3.6,"Milwaukee Bucks, 1978-1984"
Magic Johnson,906,19.5,7.2,11.2,906,19.5,7.2,11.2,"Los Angeles Lakers, 1980-1996"
Linton Johnson,151,3.9,3.3,0.4,151,3.9,3.3,0.4,"Chicago Bulls, 2004"
Lee Johnson,12,1.4,1.8,0.1,12,1.4,1.8,0.1,"Houston Rockets, 1981"
Larry Johnson,707,16.2,7.5,3.3,707,16.2,7.5,3.3,"Charlotte Hornets, 1992-1996"
Larry Johnson,4,1.5,1.3,1.8,4,1.5,1.3,1.8,"Buffalo Braves, 1978"
Keyontae Johnson,1,0,0,0,1,0,0,0,"Oklahoma City Thunder, 2024"
Kevin Johnson,735,17.9,3.3,9.1,735,17.9,3.3,9.1,"Cleveland Cavaliers, 1988"
Keon Johnson,77,5.9,1.6,1.8,77,5.9,1.6,1.8,"Los Angeles Clippers, 2022"
Ken Johnson,16,2,2,0,16,2,2,0,"Miami Heat, 2003"
Ken Johnson,64,4.1,3.8,0.3,64,4.1,3.8,0.3,"Portland Trail Blazers, 1986"
Keldon Johnson,232,16.5,5.6,2.2,232,16.5,5.6,2.2,"San Antonio Spurs, 2020-2024"
Kannard Johnson,4,0.5,0,0,4,0.5,0,0,"Cleveland Cavaliers, 1988"
John Johnson,869,12.9,5.5,3.8,869,12.9,5.5,3.8,"Cleveland Cavaliers, 1971-1973"
Joe Johnson,1277,16,4,3.9,1277,16,4,3.9,"Boston Celtics, 2002"
James Johnson,765,7.6,3.5,2.1,765,7.6,3.5,2.1,"Chicago Bulls, 2010-2011"
Jalen Johnson,99,5.5,3.7,1.1,99,5.5,3.7,1.1,"Atlanta Hawks, 2022-2024"
JaJuan Johnson,36,3.2,1.6,0.2,36,3.2,1.6,0.2,"Boston Celtics, 2012"
Ivan Johnson,125,6.5,3.9,0.6,125,6.5,3.9,0.6,"Atlanta Hawks, 2012-2013"
Harold Johnson,27,0.6,-,0.4,27,0.6,-,0.4,"Detroit Falcons, 1947"
Gus Johnson,631,16.2,12.1,2.5,631,16.2,12.1,2.5,"Baltimore Bullets, 1964-1969"
George Johnson,464,9.1,5.6,1.8,464,9.1,5.6,1.8,"Milwaukee Bucks, 1979"
George Johnson,904,4.8,6.5,1,904,4.8,6.5,1,"Golden State Warriors, 1973-1977"
George Johnson,136,3.7,5,0.6,136,3.7,5,0.6,"Baltimore Bullets, 1971"
Frank Johnson,596,8.3,1.7,4.2,596,8.3,1.7,4.2,"Washington Bullets, 1982-1987"
Ervin Johnson,845,4.1,6.1,0.5,845,4.1,6.1,0.5,"Seattle SuperSonics, 1994-1995"
Eric Johnson,48,1.1,0.6,1.3,48,1.1,0.6,1.3,"Utah Jazz, 1990"
Eddie Johnson,1199,16,4,2.1,1199,16,4,2.1,"Kansas City Kings, 1982-1985"
Eddie Johnson,675,15.1,2.3,5.1,675,15.1,2.3,5.1,"Atlanta Hawks, 1978-1986"
Ed Johnson,166,12.3,10.2,1.1,166,12.3,10.2,1.1,"Los Angeles Stars, 1969"
DerMarr Johnson,344,6.2,2.2,0.9,344,6.2,2.2,0.9,"Atlanta Hawks, 2001-2002"
Dennis Johnson,1100,14.1,3.9,5,1100,14.1,3.9,5,"Seattle SuperSonics, 1977-1980"
DeMarco Johnson,5,1.2,1.4,0,5,1.2,1.4,0,"New York Knicks, 2000"
David Johnson,2,0,0,0,2,0,0,0,"Toronto Raptors, 2022"
Dave Johnson,59,3.5,1.1,0.3,59,3.5,1.1,0.3,"Portland Trail Blazers, 1993"
Darryl Johnson,11,1.1,0.2,0.1,11,1.1,0.2,0.1,"Cleveland Cavaliers, 1996"
Dakari Johnson,31,1.8,1.1,0.3,31,1.8,1.1,0.3,"Oklahoma City Thunder, 2018"
Clemon Johnson,761,5.4,4.6,1,761,5.4,4.6,1,"Portland Trail Blazers, 1979"
Clay Johnson,80,2.8,1.2,0.6,80,2.8,1.2,0.6,"Los Angeles Lakers, 1982-1983"
Chris Johnson,147,4.4,2,0.6,147,4.4,2,0.6,"Memphis Grizzlies, 2013"
Chris Johnson,71,2.9,1.9,0.2,71,2.9,1.9,0.2,"Portland Trail Blazers, 2011-2012"
Cheese Johnson,9,3,1.6,0.2,9,3,1.6,0.2,"Golden State Warriors, 1980"
Charles Johnson,521,8.1,2.5,1.9,521,8.1,2.5,1.9,"Golden State Warriors, 1973-1978"
Carldell Johnson,15,1.8,0.6,1.5,15,1.8,0.6,1.5,"New Orleans Hornets, 2012"
Cameron Johnson,226,11.3,3.8,1.5,226,11.3,3.8,1.5,"Phoenix Suns, 2020-2023"
Buck Johnson,505,9.1,3.5,1.7,505,9.1,3.5,1.7,"Houston Rockets, 1987-1992"
Brice Johnson,21,2.2,1.6,0.1,21,2.2,1.6,0.1,"Los Angeles Clippers, 2017"
B.J. Johnson,21,3.8,1.8,0.1,21,3.8,1.8,0.1,"Atlanta Hawks, 2019"
Avery Johnson,1054,8.4,1.7,5.5,1054,8.4,1.7,5.5,"Seattle SuperSonics, 1989-1990"
Arnie Johnson,332,8.7,6.2,2.2,332,8.7,6.2,2.2,"Rochester Royals, 1949"
Armon Johnson,47,3.3,1,1.2,47,3.3,1,1.2,"Portland Trail Blazers, 2011-2012"
Anthony Johnson,793,5.6,1.7,2.9,793,5.6,1.7,2.9,"Sacramento Kings, 1998"
Andy Johnson,292,9.8,4.1,2.3,292,9.8,4.1,2.3,"Philadelphia Warriors, 1959"
Amir Johnson,870,7,5.4,1.2,870,7,5.4,1.2,"Detroit Pistons, 2006-2009"
Alize Johnson,76,2.5,3,0.4,76,2.5,3,0.4,"Indiana Pacers, 2019-2020"
Alexander Johnson,102,4.3,2.7,0.3,102,4.3,2.7,0.3,"Memphis Grizzlies, 2007"
Britton Johnsen,26,2.1,2.1,0.6,26,2.1,2.1,0.6,"Orlando Magic, 2004"
Isaiah Joe,177,6.3,1.6,0.9,177,6.3,1.6,0.9,"Philadelphia 76ers, 2021-2022"
Yi Jianlian,272,7.9,4.9,0.7,272,7.9,4.9,0.7,"Milwaukee Bucks, 2008"
Hal Jeter,5,0.4,0.2,0,5,0.4,0.2,0,"Washington Capitols, 1970"
Eugene Jeter,62,4.1,1.1,2.6,62,4.1,1.1,2.6,"Sacramento Kings, 2011"
Grant Jerrett,8,2,1.1,0.4,8,2,1.1,0.4,"Oklahoma City Thunder, 2015"
Ty Jerome,159,7,1.8,2.6,159,7,1.8,2.6,"Phoenix Suns, 2020"
Jonas Jerebko,635,6.2,4,0.8,635,6.2,4,0.8,"Detroit Pistons, 2010-2015"
Les Jepsen,52,1,1.3,0,52,1,1.3,0,"Golden State Warriors, 1991"
Chris Jent,6,6.2,2.7,1.3,6,6.2,2.7,1.3,"Houston Rockets, 1994"
Keith Jennings,164,6.6,1.5,3.7,164,6.6,1.5,3.7,"Golden State Warriors, 1993-1995"
Brandon Jennings,555,14.1,3,5.7,555,14.1,3,5.7,"Milwaukee Bucks, 2010-2013"
John Jenkins,171,5,1.5,0.8,171,5,1.5,0.8,"Atlanta Hawks, 2013-2015"
Horace Jenkins,15,2.8,0.6,0.6,15,2.8,0.6,0.6,"Detroit Pistons, 2005"
Charles Jenkins,110,3.7,0.9,1.9,110,3.7,0.9,1.9,"Golden State Warriors, 2012-2013"
Jared Jeffries,629,4.8,4.1,1.3,629,4.8,4.1,1.3,"Washington Wizards, 2003-2006"
DaQuan Jeffries,50,3.7,1.9,0.6,50,3.7,1.9,0.6,"Sacramento Kings, 2020-2021"
Richard Jefferson,1181,12.6,4,2,1181,12.6,4,2,"New Jersey Nets, 2002-2008"
Dontell Jefferson,6,4.8,2,1.5,6,4.8,2,1.5,"Charlotte Bobcats, 2009"
Cory Jefferson,58,3.5,2.8,0.3,58,3.5,2.8,0.3,"Brooklyn Nets, 2015"
Amile Jefferson,30,1.4,1.5,0.2,30,1.4,1.5,0.2,"Orlando Magic, 2019-2020"
Al Jefferson,915,15.7,8.4,1.5,915,15.7,8.4,1.5,"Boston Celtics, 2005"
Othyus Jeffers,37,3.8,2.6,0.6,37,3.8,2.6,0.6,"Utah Jazz, 2010"
Chris Jefferies,72,3.9,1.2,0.4,72,3.9,1.2,0.4,"Toronto Raptors, 2003"
Abdul Jeelani,143,9,3.5,1.1,143,9,3.5,1.1,"Portland Trail Blazers, 1980"
Buddy Jeannette,139,7.2,-,2.1,139,7.2,-,2.1,"Baltimore Bullets, 1948"
Nathan Jawai,45,2.8,2.4,0.5,45,2.8,2.4,0.5,"Toronto Raptors, 2009"
Šarūnas Jasikevičius,138,6.8,1.6,2.9,138,6.8,1.6,2.9,"Indiana Pacers, 2006-2007"
Jim Jarvis,125,5.8,1.9,1.2,125,5.8,1.9,1.2,"Pittsburgh Pipers, 1968"
DeJon Jarreau,1,0,0,0,1,0,0,0,"Indiana Pacers, 2022"
Tony Jaros,242,5.4,2.1,0.9,242,5.4,2.1,0.9,"Chicago Stags, 1947"
Marko Jarić,447,7.1,2.7,3.6,447,7.1,2.7,3.6,"Los Angeles Clippers, 2003-2005"
Jaime Jaquez Jr.,8,6.5,2.9,1.9,8,6.5,2.9,1.9,"Miami Heat, 2024"
John Janisch,70,10.5,-,0.7,70,10.5,-,0.7,"Detroit Falcons, 1947"
Harold Jamison,37,1.9,1.6,0.3,37,1.9,1.6,0.3,"Miami Heat, 2000"
Antawn Jamison,1083,18.5,7.5,1.6,1083,18.5,7.5,1.6,"Golden State Warriors, 1999"
Tim James,43,1.6,1.1,0.3,43,1.6,1.1,0.3,"Miami Heat, 2000"
Mike James,49,8.9,2.5,3.7,49,8.9,2.5,3.7,"Phoenix Suns, 2018"
Mike James,595,9.9,2.2,3.5,595,9.9,2.2,3.5,"Miami Heat, 2002"
LeBron James,1429,27.2,7.5,7.3,1429,27.2,7.5,7.3,"St. Vincent-St. Mary, 1999-2003"
Justin James,72,3.2,0.9,0.6,72,3.2,0.9,0.6,"Sacramento Kings, 2020-2021"
Jerome James,358,4.3,3.1,0.3,358,4.3,3.1,0.3,"Sacramento Kings, 1999"
Henry James,212,6.1,1.5,0.4,212,6.1,1.5,0.4,"Cleveland Cavaliers, 1991-1992"
Gene James,88,3.4,2.9,1.1,88,3.4,2.9,1.1,"New York Knicks, 1949-1951"
Damion James,39,3.8,3.4,0.7,39,3.8,3.4,0.7,"New Jersey Nets, 2011-2012"
Billy James,1,2,0,1,1,2,0,1,"Kentucky Colonels, 1974"
Bernard James,92,2.2,2.3,0.1,92,2.2,2.3,0.1,"Dallas Mavericks, 2013-2014"
Aaron James,356,10.8,4.1,1,356,10.8,4.1,1,"New Orleans Jazz, 1975-1979"
Dave Jamerson,90,3.4,0.9,0.7,90,3.4,0.9,0.7,"Houston Rockets, 1991-1992"
Sam Jacobson,68,4.2,1.2,0.5,68,4.2,1.2,0.5,"Los Angeles Lakers, 1999-2000"
Casey Jacobsen,287,5.2,1.8,1.1,287,5.2,1.8,1.1,"Phoenix Suns, 2003-2005"
Fred Jacobs,18,2.8,-,0.3,18,2.8,-,0.3,"St. Louis Bombers, 1947"
Trayce Jackson-Davis,6,4.3,2.7,0.3,6,4.3,2.7,0.3,"Golden State Warriors, 2024"
Wardell Jackson,56,4.3,2.4,0.5,56,4.3,2.4,0.5,"Seattle SuperSonics, 1975"
Tracy Jackson,129,5.4,1.9,1,129,5.4,1.9,1,"Boston Celtics, 1982"
Tony Jackson,2,1,1,1,2,1,1,1,"Los Angeles Lakers, 1981"
Tony Jackson,138,15.9,5.4,2,138,15.9,5.4,2,"New Jersey Americans, 1968"
Stephen Jackson,858,15.1,3.9,3.1,858,15.1,3.9,3.1,"New Jersey Nets, 2001"
Stanley Jackson,17,2.2,1.6,0.9,17,2.2,1.6,0.9,"Minnesota Timberwolves, 1994"
Reggie Jackson,780,12.8,2.9,4.2,780,12.8,2.9,4.2,"Oklahoma City Thunder, 2012-2015"
Randell Jackson,28,4.1,1.9,0.3,28,4.1,1.9,0.3,"Washington Wizards, 1999"
Ralph Jackson,1,2,1,4,1,2,1,4,"Indiana Pacers, 1985"
Quenton Jackson,9,6.2,0.9,1.7,9,6.2,0.9,1.7,"Washington Wizards, 2023"
Pierre Jackson,8,4.4,1.1,2.4,8,4.4,1.1,2.4,"Dallas Mavericks, 2017"
Phil Jackson,807,6.7,4.3,1.1,807,6.7,4.3,1.1,"New York Knicks, 1968-1978"
Myron Jackson,8,1.4,0.4,0.8,8,1.4,0.4,0.8,"Dallas Mavericks, 1987"
Mike Jackson,264,10.2,5.7,1,264,10.2,5.7,1,"Utah Stars, 1973-1974"
Michael Jackson,89,2.1,0.8,2.2,89,2.1,0.8,2.2,"Sacramento Kings, 1988-1990"
Merv Jackson,262,11.6,3.3,3.1,262,11.6,3.3,3.1,"Los Angeles Stars, 1969-1970"
Mark Jackson,1296,9.6,3.8,8,1296,9.6,3.8,8,"New York Knicks, 1988-2002"
Marc Jackson,387,8.4,4.3,0.8,387,8.4,4.3,0.8,"Golden State Warriors, 2001-2002"
Luke Jackson,73,3.5,1.2,0.8,73,3.5,1.2,0.8,"Cleveland Cavaliers, 2005-2006"
Luke Jackson,522,9.9,8.8,1.6,522,9.9,8.8,1.6,"Philadelphia 76ers, 1965-1972"
Justin Jackson,278,6,2.4,1,278,6,2.4,1,"Sacramento Kings, 2018-2019"
Josh Jackson,291,11.3,4,1.8,291,11.3,4,1.8,"Phoenix Suns, 2018-2019"
Jim Jackson,885,14.3,4.7,3.2,885,14.3,4.7,3.2,"Dallas Mavericks, 1993-1997"
Jermaine Jackson,135,1.9,1.1,1.4,135,1.9,1.1,1.4,"Detroit Pistons, 2000"
Jaren Jackson Jr.,275,16.6,5.6,1.2,275,16.6,5.6,1.2,"Memphis Grizzlies, 2019-2024"
Jaren Jackson,431,5.5,1.8,1.2,431,5.5,1.8,1.2,"New Jersey Nets, 1990"
Isaiah Jackson,102,7.5,4.3,0.6,102,7.5,4.3,0.6,"Indiana Pacers, 2022"
Gregory Jackson II,1,0,0,0,1,0,0,0,"Memphis Grizzlies, 2024"
Greg Jackson,49,3.7,1.4,2,49,3.7,1.4,2,"New York Knicks, 1975"
Frank Jackson,214,8.5,1.8,1,214,8.5,1.8,1,"New Orleans Pelicans, 2019-2020"
Demetrius Jackson,26,1.8,0.7,0.7,26,1.8,0.7,0.7,"Boston Celtics, 2017"
Darnell Jackson,138,2.2,1.5,0.2,138,2.2,1.5,0.2,"Cleveland Cavaliers, 2009-2010"
Cedric Jackson,12,1.7,0.7,1.2,12,1.7,0.7,1.2,"Cleveland Cavaliers, 2010"
Bobby Jackson,755,9.7,3.1,2.6,755,9.7,3.1,2.6,"Denver Nuggets, 1998"
Andre Jackson Jr.,3,0.7,1.7,1.3,3,0.7,1.7,1.3,"Milwaukee Bucks, 2024"
Al Jackson,2,0,0,0.5,2,0,0,0.5,"Cincinnati Royals, 1968"
Aaron Jackson,1,8,3,1,1,8,3,1,"Houston Rockets, 2018"
Jarrett Jack,867,10.8,2.9,4.6,867,10.8,2.9,4.6,"Portland Trail Blazers, 2006-2008"
Warren Jabali,447,17.1,6.7,5.3,447,17.1,6.7,5.3,"Oakland Oaks, 1969"
Ognjen Kuzmić,37,0.9,1,0.2,37,0.9,1,0.2,"Golden State Warriors, 2014-2015"
Kyle Kuzma,413,16.6,6.4,2.5,413,16.6,6.4,2.5,"Los Angeles Lakers, 2018-2021"
Ibo Kutluay,5,0,0.2,0,5,0,0.2,0,"Seattle SuperSonics, 2005"
Rob Kurz,40,3.9,2,0.5,40,3.9,2,0.5,"Golden State Warriors, 2009"
Rodions Kurucs,131,6,3.1,0.9,131,6,3.1,0.9,"Brooklyn Nets, 2019-2021"
C.J. Kupec,147,4.1,2.1,0.7,147,4.1,2.1,0.7,"Los Angeles Lakers, 1976-1977"
Mitch Kupchak,510,10.2,5.4,0.7,510,10.2,5.4,0.7,"Washington Bullets, 1977-1981"
Terry Kunze,46,5,1.6,1,46,5,1.6,1,"Minnesota Muskies, 1968"
Kevin Kunnert,555,8.3,7.3,1.4,555,8.3,7.3,1.4,"Buffalo Braves, 1974"
Jonathan Kuminga,145,9.8,3.4,1.3,145,9.8,3.4,1.3,"Golden State Warriors, 2022-2024"
Arnoldas Kulboka,2,0,0,0,2,0,0,0,"Charlotte Hornets, 2022"
Toni Kukoč,846,11.6,4.2,3.7,846,11.6,4.2,3.7,"Chicago Bulls, 1994-2000"
Ray Kuka,52,4.9,-,0.7,52,4.9,-,0.7,"New York Knicks, 1948-1949"
John Kuester,135,3.3,1,2.3,135,3.3,1,2.3,"Kansas City Kings, 1978"
Frank Kudelka,228,7.2,3.2,2.1,228,7.2,3.2,2.1,"Chicago Stags, 1950"
Bruce Kuczenski,15,1.9,1.5,0.5,15,1.9,1.5,0.5,"New Jersey Nets, 1984"
Leo Kubiak,62,11.5,-,3.2,62,11.5,-,3.2,"Waterloo Hawks, 1950"
Steve Kuberski,568,5.5,3.8,0.6,568,5.5,3.8,0.6,"Boston Celtics, 1970-1974"
Larry Krystkowiak,420,8.2,4.9,1.2,420,8.2,4.9,1.2,"San Antonio Spurs, 1987"
Nenad Krstić,419,10,5.4,0.8,419,10,5.4,0.8,"New Jersey Nets, 2005-2008"
Tom Kropp,78,2.5,0.8,0.6,78,2.5,0.8,0.6,"Washington Bullets, 1976"
Tommy Kron,224,6,3,2.7,224,6,3,2.7,"St. Louis Hawks, 1967"
Wayne Kreklow,25,1.2,0.5,0.4,25,1.2,0.5,0.4,"Boston Celtics, 1981"
Vit Krejci,59,3.8,2.2,1.3,59,3.8,2.2,1.3,"Oklahoma City Thunder, 2022"
Jim Krebs,515,8,6.2,0.8,515,8,6.2,0.8,"Minneapolis Lakers, 1958-1960"
Viacheslav Kravtsov,45,2.2,1.4,0.2,45,2.2,1.4,0.2,"Detroit Pistons, 2013"
Herb Krautblatt,10,1.3,-,0.4,10,1.3,-,0.4,"Baltimore Bullets, 1949"
Dan Kraus,13,1.6,-,0.5,13,1.6,-,0.5,"Baltimore Bullets, 1949"
Steve Kramer,124,8.5,2.5,1.9,124,8.5,2.5,1.9,"Anaheim Amigos, 1968"
Joel Kramer,328,3.8,2.8,1,328,3.8,2.8,1,"Phoenix Suns, 1979-1983"
Barry Kramer,59,3.6,1.9,0.7,59,3.6,1.9,0.7,"San Francisco Warriors, 1965"
Arvid Kramer,8,2,1.5,0.4,8,2,1.5,0.4,"Denver Nuggets, 1980"
Ron Kozlicki,37,2.9,1.9,0.4,37,2.9,1.9,0.4,"Indiana Pacers, 1968"
Tom Kozelko,189,2.2,1.8,0.5,189,2.2,1.8,0.5,"Capital Bullets, 1974"
Kosta Koufos,686,5.7,5,0.5,686,5.7,5,0.5,"Utah Jazz, 2009-2010"
Harold Kottman,53,3.1,-,0.3,53,3.1,-,0.3,"Boston Celtics, 1947"
Andy Kostecka,21,6.4,-,0.7,21,6.4,-,0.7,"Indianapolis Jets, 1949"
Len Kosmalski,76,1.4,1.9,0.7,76,1.4,1.9,0.7,"Kansas City-Omaha Kings, 1975"
Tony Koski,5,1.2,1.4,0.8,5,1.2,1.4,0.8,"New York Nets, 1969"
Kyle Korver,1232,9.7,3,1.7,1232,9.7,3,1.7,"Philadelphia 76ers, 2004-2008"
Yaroslav Korolev,34,1.1,0.5,0.4,34,1.1,0.5,0.4,"Los Angeles Clippers, 2006-2007"
Luke Kornet,223,4.9,2.6,0.9,223,4.9,2.6,0.9,"New York Knicks, 2018-2019"
Frank Kornet,89,1.9,1.1,0.3,89,1.9,1.1,0.3,"Milwaukee Bucks, 1990-1991"
Furkan Korkmaz,298,7.3,2.1,1.2,298,7.3,2.1,1.2,"Philadelphia 76ers, 2018-2024"
Joe Kopicki,118,3.7,2.7,0.7,118,3.7,2.7,0.7,"Washington Bullets, 1983-1984"
Bud Koper,54,4.6,1.1,0.8,54,4.6,1.1,0.8,"San Francisco Warriors, 1965"
Tom Kondla,42,3.3,3,0.3,42,3.3,3,0.3,"Minnesota Pipers, 1969"
John Konchar,211,4.6,4,1.3,211,4.6,4,1.3,"Memphis Grizzlies, 2020-2024"
Jon Koncak,784,4.5,4.9,1,784,4.5,4.9,1,"Atlanta Hawks, 1986-1995"
Howard Komives,742,10.2,2.4,4,742,10.2,2.4,4,"New York Knicks, 1965-1969"
Christian Koloko,58,3.1,2.9,0.5,58,3.1,2.9,0.5,"Toronto Raptors, 2023"
Don Kojis,814,12.2,5.6,1.4,814,12.2,5.6,1.4,"Baltimore Bullets, 1964"
Bart Kofoed,111,1.5,0.5,1,111,1.5,0.5,1,"Utah Jazz, 1988-1989"
Kevin Knox,275,7.5,2.9,0.7,275,7.5,2.9,0.7,"New York Knicks, 2019-2022"
Rod Knowles,9,1,1,0,9,1,1,0,"Phoenix Suns, 1969"
Dick Knostman,5,2.6,3.4,1.2,5,2.6,3.4,1.2,"Syracuse Nationals, 1954"
Lee Knorek,131,6.7,-,1.6,131,6.7,-,1.6,"New York Knicks, 1947"
Travis Knight,371,3.4,3.1,0.6,371,3.4,3.1,0.6,"Los Angeles Lakers, 1997-2000"
Toby Knight,283,12.9,5.1,1.2,283,12.9,5.1,1.2,"New York Knicks, 1978-1979"
Ron Knight,101,4.7,2.8,0.8,101,4.7,2.8,0.8,"Portland Trail Blazers, 1971-1972"
Negele Knight,276,6.2,1.3,2.8,276,6.2,1.3,2.8,"Phoenix Suns, 1991-1992"
Nathan Knight,108,3.7,2,0.4,108,3.7,2,0.4,"Atlanta Hawks, 2021"
Brevin Knight,729,7.3,2.4,6.1,729,7.3,2.4,6.1,"Cleveland Cavaliers, 1998-2001"
Brandon Knight,451,14,3.1,3.9,451,14,3.1,3.9,"Detroit Pistons, 2012-2013"
Brandin Knight,1,0,0,1,1,0,0,1,"Houston Rockets, 2005"
Bob Knight,2,3.5,0.5,4,2,3.5,0.5,4,"New York Knicks, 1955"
Billy Knight,821,16.9,5.3,2.3,821,16.9,5.3,2.3,"Indiana Pacers, 1975-1976"
Lonnie Kluttz,3,0,1.7,0,3,0,1.7,0,"Carolina Cougars, 1971"
Duane Klueh,113,8.2,3,1.5,113,8.2,3,1.5,"Denver Nuggets, 1950"
Red Klotz,11,1.4,-,0.6,11,1.4,-,0.6,"Baltimore Bullets, 1948"
Leo Klier,113,7.1,-,1.6,113,7.1,-,1.6,"Fort Wayne Pistons, 1949"
Linas Kleiza,409,8.7,3.6,0.8,409,8.7,3.6,0.8,"Denver Nuggets, 2006-2008"
Joe Kleine,965,4.8,4.1,0.6,965,4.8,4.1,0.6,"Sacramento Kings, 1986-1989"
Maxi Kleber,368,6.9,4.7,1.1,368,6.9,4.7,1.1,"Dallas Mavericks, 2018-2024"
Kerry Kittles,507,14.1,3.9,2.6,507,14.1,3.9,2.6,"New Jersey Nets, 1997"
Greg Kite,680,2.5,3.8,0.5,680,2.5,3.8,0.5,"Boston Celtics, 1984-1988"
Curtis Kitchen,6,1.5,1.5,0.2,6,1.5,1.5,0.2,"Seattle SuperSonics, 1987"
Doug Kistler,5,1.6,0.2,0,5,1.6,0.2,0,"New York Knicks, 1962"
Jim Kissane,2,3,1.5,0,2,3,1.5,0,"Minnesota Pipers, 1969"
Corey Kispert,157,9.6,2.7,1.1,157,9.6,2.7,1.1,"Washington Wizards, 2022-2024"
Wilbur Kirkland,2,3,5.5,0.5,2,3,5.5,0.5,"Pittsburgh Pipers, 1970"
Walt Kirk,118,7.7,4,2.1,118,7.7,4,2.1,"Fort Wayne Pistons, 1949"
Alex Kirk,5,0.8,0.2,0.2,5,0.8,0.2,0.2,"Cleveland Cavaliers, 2015"
Andrei Kirilenko,797,11.8,5.5,2.7,797,11.8,5.5,2.7,"Utah Jazz, 2002-2004"
Tarence Kinsey,109,4.7,1.3,0.5,109,4.7,1.3,0.5,"Memphis Grizzlies, 2007-2008"
Bob Kinney,118,9.5,-,1.5,118,9.5,-,1.5,"Fort Wayne Pistons, 1949"
Tom King,58,5.1,-,0.6,58,5.1,-,0.6,"Detroit Falcons, 1947"
Stacey King,438,6.4,3.3,0.9,438,6.4,3.3,0.9,"Chicago Bulls, 1990-1991"
Ron King,9,7.1,2.1,1.6,9,7.1,2.1,1.6,"Kentucky Colonels, 1974"
Rich King,72,1.9,1,0.3,72,1.9,1,0.3,"Seattle SuperSonics, 1992-1994"
Reggie King,438,8.9,6.2,1.6,438,8.9,6.2,1.6,"Kansas City Kings, 1980-1983"
Maurice King,38,5.9,2.8,3.8,38,5.9,2.8,3.8,"Boston Celtics, 1960"
Loyd King,84,6,1.5,1.4,84,6,1.5,1.4,"Memphis Pros, 1972"
Louis King,27,4.8,1.6,0.9,27,4.8,1.6,0.9,"Detroit Pistons, 2020"
Jimmy King,64,4.5,1.8,1.4,64,4.5,1.8,1.4,"Toronto Raptors, 1996"
Jim King,607,7.2,2.5,2.3,607,7.2,2.5,2.3,"Los Angeles Lakers, 1964-1966"
Gerard King,126,4.5,3.1,0.7,126,4.5,3.1,0.7,"San Antonio Spurs, 1999"
George King,5,0.2,1.2,0,5,0.2,1.2,0,"Phoenix Suns, 2019"
George King,411,10.3,3.9,4.8,411,10.3,3.9,4.8,"Syracuse Nationals, 1952-1956"
Frankie King,13,2.1,1.2,0.5,13,2.1,1.2,0.5,"Los Angeles Lakers, 1996"
Dan King,12,1.6,2.1,0.3,12,1.6,2.1,0.3,"Baltimore Bullets, 1955"
Chris King,103,6.7,3,1.1,103,6.7,3,1.1,"Seattle SuperSonics, 1994"
Bernard King,874,22.5,5.8,3.3,874,22.5,5.8,3.3,"New Jersey Nets, 1978-1979"
Albert King,534,12.1,4.2,2.2,534,12.1,4.2,2.2,"New Jersey Nets, 1982-1987"
Chad Kinch,41,2.9,0.8,1.1,41,2.9,0.8,1.1,"Cleveland Cavaliers, 1981"
Stan Kimbrough,13,1.6,0.5,0.5,13,1.6,0.5,0.5,"Detroit Pistons, 1990"
Bo Kimble,105,5.5,1.5,0.9,105,5.5,1.5,0.9,"Los Angeles Clippers, 1991-1992"
Toby Kimball,571,6.1,6.8,1,571,6.1,6.8,1,"Boston Celtics, 1967"
Sean Kilpatrick,157,10.3,2.7,1.5,157,10.3,2.7,1.5,"Minnesota Timberwolves, 2015"
Carl Kilpatrick,2,1.5,2,0,2,1.5,2,0,"Utah Jazz, 1980"
Earnie Killum,4,0.3,0.5,0,4,0.3,0.5,0,"Los Angeles Lakers, 1971"
Jack Kiley,53,2.3,1,1.2,53,2.3,1,1.2,"Fort Wayne Pistons, 1952"
Irv Kiffin,26,3.2,1.5,0.7,26,3.2,1.5,0.7,"San Antonio Spurs, 1980"
Michael Kidd-Gilchrist,446,8.4,5.4,1.2,446,8.4,5.4,1.2,"Charlotte Bobcats, 2013-2014"
Warren Kidd,68,3.6,3.4,0.3,68,3.6,3.4,0.3,"Philadelphia 76ers, 1994"
Stanton Kidd,4,0,0.8,0.3,4,0,0.8,0.3,"Utah Jazz, 2020"
Jason Kidd,1391,12.6,6.3,8.7,1391,12.6,6.3,8.7,"Dallas Mavericks, 1995-1997"
Viktor Khryapa,143,4.5,3.4,1,143,4.5,3.4,1,"Portland Trail Blazers, 2005-2006"
Randolph Keys,241,5.2,2.3,0.8,241,5.2,2.3,0.8,"Cleveland Cavaliers, 1989-1990"
Julius Keye,418,7.6,11,1.6,418,7.6,11,1.6,"Denver Rockets, 1970"
Braxton Key,18,4.7,2.9,0.8,18,4.7,2.9,0.8,"Philadelphia 76ers, 2022"
Lari Ketner,25,1.4,1.4,0.1,25,1.4,1.4,0.1,"Chicago Bulls, 2000"
Walker Kessler,82,9.1,8.3,0.9,82,9.1,8.3,0.9,"Utah Jazz, 2023-2024"
Alec Kessler,210,5.2,3.6,0.4,210,5.2,3.6,0.4,"Miami Heat, 1991-1994"
Tom Kerwin,13,1.1,1.5,0.1,13,1.1,1.5,0.1,"Pittsburgh Pipers, 1968"
Jerome Kersey,1153,10.3,5.5,1.9,1153,10.3,5.5,1.9,"Portland Trail Blazers, 1985-1990"
Jack Kerris,271,7.6,6.3,2.5,271,7.6,6.3,2.5,"Tri-Cities Blackhawks, 1950"
Steve Kerr,910,6,1.2,1.8,910,6,1.2,1.8,"Phoenix Suns, 1989"
Red Kerr,905,13.8,11.2,2.2,905,13.8,11.2,2.2,"Syracuse Nationals, 1955-1963"
Jonathan Kerner,1,0,0,0,1,0,0,0,"Orlando Magic, 1999"
Billy Kenville,345,7.1,3.5,2.1,345,7.1,3.5,2.1,"Syracuse Nationals, 1954-1956"
Larry Kenon,752,17.2,8.9,2.2,752,17.2,8.9,2.2,"New York Nets, 1974-1975"
Pickles Kennedy,7,1.7,1.1,1.3,7,1.7,1.1,1.3,"Philadelphia Warriors, 1961"
Joe Kennedy,168,5.7,3.6,0.8,168,5.7,3.6,0.8,"Seattle SuperSonics, 1969-1970"
Goo Kennedy,333,8.2,5.6,0.9,333,8.2,5.6,0.9,"Dallas Chaparrals, 1972-1973"
D.J. Kennedy,2,6,3.5,1.5,2,6,3.5,1.5,"Cleveland Cavaliers, 2012"
Luke Kennard,361,9.8,2.8,2,361,9.8,2.8,2,"Detroit Pistons, 2018-2020"
Frank Kendrick,24,3.3,1.5,0.3,24,3.3,1.5,0.3,"Golden State Warriors, 1975"
Tim Kempton,280,4.5,2.8,1.1,280,4.5,2.8,1.1,"Los Angeles Clippers, 1987"
Shawn Kemp,1051,14.6,8.4,1.6,1051,14.6,8.4,1.6,"Seattle SuperSonics, 1990-1995"
Ben Kelso,46,1.8,0.7,0.4,46,1.8,0.7,0.4,"Detroit Pistons, 1974"
Greg Kelser,305,9.7,4.6,1.3,305,9.7,4.6,1.3,"Detroit Pistons, 1980-1982"
Tom Kelly,27,7.1,-,1.4,27,7.1,-,1.4,"Boston Celtics, 1949"
Ryan Kelly,163,6,3.1,1.3,163,6,3.1,1.3,"Los Angeles Lakers, 2014-2016"
Jerry Kelly,46,5.7,-,0.5,46,5.7,-,0.5,"Boston Celtics, 1947"
Arvesta Kelly,188,8,2.6,1.8,188,8,2.6,1.8,"Pittsburgh Pipers, 1968-1970"
Clark Kellogg,260,18.9,9.5,2.9,260,18.9,9.5,2.9,"Indiana Pacers, 1983-1987"
Rich Kelley,814,7.6,7,2.6,814,7.6,7,2.6,"New Orleans Jazz, 1976-1979"
Ken Keller,28,0.8,-,0,28,0.8,-,0,"Washington Capitols, 1947"
Gary Keller,122,6,4.5,0.4,122,6,4.5,0.4,"Minnesota Muskies, 1968"
Bill Keller,556,11.8,2.4,3.6,556,11.8,2.4,3.6,"Indiana Pacers, 1970-1976"
Trevor Keels,3,1,0.7,0,3,1,0.7,0,"New York Knicks, 2023"
Harold Keeling,20,2.2,0.3,0.5,20,2.2,0.3,0.5,"Dallas Mavericks, 1986"
Adam Keefe,617,5,4.1,0.7,617,5,4.1,0.7,"Atlanta Hawks, 1993-1994"
Tommy Kearns,1,2,0,0,1,2,0,0,"Syracuse Nationals, 1959"
Mike Kearns,6,0.2,0.5,0.8,6,0.2,0.5,0.8,"Philadelphia Warriors, 1955"
Clarence Kea,51,3.9,2.5,0.4,51,3.9,2.5,0.4,"Dallas Mavericks, 1981-1982"
Wilbert Kautz,50,5.1,-,0.7,50,5.1,-,0.7,"Chicago Stags, 1947"
Sasha Kaun,25,0.9,1,0.1,25,0.9,1,0.1,"Cleveland Cavaliers, 2016"
Bob Kauffman,525,11.5,7,2.7,525,11.5,7,2.7,"Seattle SuperSonics, 1969"
Leo Katkaveck,107,4.3,-,1.3,107,4.3,-,1.3,"Washington Capitols, 1949-1950"
Mario Kasun,73,2.7,2.6,0.2,73,2.7,2.6,0.2,"Orlando Magic, 2005-2006"
Ed Kasid,8,1.5,-,0.8,8,1.5,-,0.8,"Toronto Huskies, 1947"
George Karl,264,6.5,1.4,3,264,6.5,1.4,3,"San Antonio Spurs, 1974-1976"
Coby Karl,24,2.4,1.3,1,24,2.4,1.3,1,"Los Angeles Lakers, 2008"
Sergey Karasev,95,3,1.5,0.9,95,3,1.5,0.9,"Cleveland Cavaliers, 2014"
Tony Kappen,59,6.5,-,0.5,59,6.5,-,0.5,"Pittsburgh Ironmen, 1947"
Jason Kapono,509,6.7,1.7,0.8,509,6.7,1.7,0.8,"Cleveland Cavaliers, 2004"
Ralph Kaplowitz,105,5.6,-,0.5,105,5.6,-,0.5,"New York Knicks, 1947"
Frank Kaminsky,413,8.8,3.8,1.6,413,8.8,3.8,1.6,"Charlotte Hornets, 2016-2019"
Chris Kaman,735,11.2,7.6,1.3,735,11.2,7.6,1.3,"Los Angeles Clippers, 2004-2011"
Georgios Kalaitzakis,13,6.6,1.6,0.9,13,6.6,1.6,0.9,"Milwaukee Bucks, 2022"
Ed Kalafat,209,7.1,5.7,1.5,209,7.1,5.7,1.5,"Minneapolis Lakers, 1955-1957"
George Kaftan,212,7.5,3.1,1.9,212,7.5,3.1,1.9,"Boston Celtics, 1949-1950"
Whitey Kachan,52,2.2,-,0.7,52,2.2,-,0.7,"Chicago Stags, 1949"
Mfiondu Kabengele,55,2.6,1.5,0.3,55,2.6,1.5,0.3,"Los Angeles Clippers, 2020-2021"
Lonnie Lynn,52,5,5,0.8,52,5,5,0.8,"Denver Rockets, 1970"
Kevin Lynch,95,3.3,1.3,1.1,95,3.3,1.3,1.1,"Charlotte Hornets, 1992-1993"
George Lynch,774,6.6,5,1.4,774,6.6,5,1.4,"Los Angeles Lakers, 1994"
R.B. Lynam,7,2.4,0.7,0,7,2.4,0.7,0,"Denver Rockets, 1968"
Trey Lyles,523,7.8,4.3,1,523,7.8,4.3,1,"Utah Jazz, 2016-2017"
Tyler Lydon,26,0.9,0.7,0.2,26,0.9,0.7,0.2,"Denver Nuggets, 2018"
Timothé Luwawu-Cabarrot,328,5.9,2,0.9,328,5.9,2,0.9,"Philadelphia 76ers, 2017"
Gabriel Lundberg,4,3.3,1.8,2.8,4,3.3,1.8,2.8,"Phoenix Suns, 2022"
Ray Lumpp,300,8.2,2.2,2.2,300,8.2,2.2,2.2,"Indianapolis Jets, 1949"
Phil Lumpkin,82,3.3,1,2.7,82,3.3,1,2.7,"Portland Trail Blazers, 1975"
Al Lujack,5,0.8,-,0,5,0.8,-,0,"Washington Capitols, 1947"
Jim Luisi,31,2.9,0.8,1.1,31,2.9,0.8,1.1,"Baltimore Bullets, 1954"
Tyronn Lue,554,8.5,1.7,3.1,554,8.5,1.7,3.1,"Los Angeles Lakers, 1999-2001"
Ted Luckenbill,87,2.3,1.9,0.4,87,2.3,1.9,0.4,"Philadelphia Warriors, 1962"
John Lucas III,242,4.7,1,1.5,242,4.7,1,1.5,"Houston Rockets, 2006-2007"
Maurice Lucas,1021,14.6,9.1,2.4,1021,14.6,9.1,2.4,"Spirits of St. Louis, 1975-1976"
Kalin Lucas,2,1,1.5,0.5,2,1,1.5,0.5,"Memphis Grizzlies, 2015"
John Lucas,928,10.7,2.3,7,928,10.7,2.3,7,"Houston Rockets, 1977-1978"
Jerry Lucas,829,17,15.6,3.3,829,17,15.6,3.3,"Cincinnati Royals, 1964-1970"
Al Lucas,2,1,-,1,2,1,-,1,"Boston Celtics, 1949"
Jordan Loyd,12,2.4,0.8,0.5,12,2.4,0.8,0.5,"Toronto Raptors, 2019"
Kyle Lowry,1086,14.5,4.4,6.3,1086,14.5,4.4,6.3,"Memphis Grizzlies, 2007-2009"
Charlie Lowery,20,2.3,1,0.7,20,2.3,1,0.7,"Milwaukee Bucks, 1972"
Sidney Lowe,193,2.9,1.7,3.9,193,2.9,1.7,3.9,"Indiana Pacers, 1984"
Clyde Lovellette,704,17,9.5,1.6,704,17,9.5,1.6,"Minneapolis Lakers, 1954"
Stan Love,239,6.6,3.9,0.8,239,6.6,3.9,0.8,"Baltimore Bullets, 1972-1973"
Kevin Love,877,16.9,10.4,2.3,877,16.9,10.4,2.3,"Minnesota Timberwolves, 2009-2014"
Bob Love,789,17.6,5.9,1.4,789,17.6,5.9,1.4,"Cincinnati Royals, 1967-1968"
Didi Louzada,12,3.6,1.7,0.7,12,3.6,1.7,0.7,"New Orleans Pelicans, 2021-2022"
Kevin Loughery,755,15.3,3,3.7,755,15.3,3,3.7,"Detroit Pistons, 1963-1964"
Plummer Lott,67,2.2,1.8,0.6,67,2.2,1.8,0.6,"Seattle SuperSonics, 1968-1969"
Jim Loscutoff,511,6.2,5.6,0.7,511,6.2,5.6,0.7,"Boston Celtics, 1956-1964"
Ryan Lorthridge,37,7.4,1.9,2.7,37,7.4,1.9,2.7,"Golden State Warriors, 1995"
Robin Lopez,977,8.5,4.8,0.8,977,8.5,4.8,0.8,"Phoenix Suns, 2009-2012"
Raül López,113,6.5,1.7,3.8,113,6.5,1.7,3.8,"Utah Jazz, 2004"
Felipe López,249,5.8,2.4,1,249,5.8,2.4,1,"Vancouver Grizzlies, 1999-2000"
Brook Lopez,953,16.3,6.3,1.4,953,16.3,6.3,1.4,"New Jersey Nets, 2009-2012"
Kevon Looney,458,5.2,5.7,1.6,458,5.2,5.7,1.6,"Golden State Warriors, 2016"
Luc Longley,567,7.2,4.9,1.5,567,7.2,4.9,1.5,"Minnesota Timberwolves, 1992-1994"
Willie Long,213,11.4,6,1,213,11.4,6,1,"The Floridians, 1972"
Shawn Long,18,8.2,4.7,0.7,18,8.2,4.7,0.7,"Philadelphia 76ers, 2017"
Paul Long,80,3.9,0.8,0.8,80,3.9,0.8,0.8,"Detroit Pistons, 1968"
John Long,893,13.6,2.8,1.9,893,13.6,2.8,1.9,"Detroit Pistons, 1979-1991"
Grant Long,1003,9.5,6.1,1.7,1003,9.5,6.1,1.7,"Miami Heat, 1989-1995"
Art Long,98,3.5,3.3,0.5,98,3.5,3.3,0.5,"Sacramento Kings, 2001"
Brad Lohaus,656,5.9,2.8,1.1,656,5.9,2.8,1.1,"Boston Celtics, 1988-1989"
John Logan,258,12.4,4.5,3,258,12.4,4.5,3,"St. Louis Bombers, 1947-1950"
Henry Logan,108,11.6,3.5,2.3,108,11.6,3.5,2.3,"Oakland Oaks, 1969"
Zach Lofton,1,0,0,0,1,0,0,0,"Detroit Pistons, 2019"
Kenneth Lofton Jr.,29,4.8,2,0.9,29,4.8,2,0.9,"Memphis Grizzlies, 2023-2024"
Don Lofgran,209,6.1,3.9,1,209,6.1,3.9,1,"Syracuse Nationals, 1951"
Kevin Loder,148,5.9,2.3,1.2,148,5.9,2.3,1.2,"Kansas City Kings, 1982-1984"
Ian Lockhart,1,4,0,0,1,4,0,0,"Phoenix Suns, 1991"
Darrell Lockhart,2,2,1.5,0,2,2,1.5,0,"San Antonio Spurs, 1984"
Rob Lock,20,1.5,1.6,0.2,20,1.5,1.6,0.2,"Los Angeles Clippers, 1989"
Bob Lochmueller,62,3.7,2.6,0.8,62,3.7,2.6,0.8,"Syracuse Nationals, 1953"
Riney Lochmann,170,4.3,2.7,0.8,170,4.3,2.7,0.8,"Dallas Chaparrals, 1968-1970"
Scott Lloyd,372,4.6,3,1,372,4.6,3,1,"Milwaukee Bucks, 1977-1978"
Lewis Lloyd,388,13.2,3.1,2.9,388,13.2,3.1,2.9,"Golden State Warriors, 1982-1983"
Earl Lloyd,560,8.4,6.4,1.4,560,8.4,6.4,1.4,"Syracuse Nationals, 1953-1958"
Chuck Lloyd,14,4.7,1.8,0.4,14,4.7,1.8,0.4,"Carolina Cougars, 1971"
Bobby Lloyd,125,9,1.8,1.8,125,9,1.8,1.8,"New Jersey Americans, 1968"
Horacio Llamas,28,2.1,1.3,0.2,28,2.1,1.3,0.2,"Phoenix Suns, 1997-1998"
Ron Livingstone,117,6.3,4.7,1.9,117,6.3,4.7,1.9,"Baltimore Bullets, 1950"
Shaun Livingston,833,6.3,2.4,3,833,6.3,2.4,3,"Los Angeles Clippers, 2005-2007"
Randy Livingston,203,3.8,1.4,2,203,3.8,1.4,2,"Houston Rockets, 1997"
Chris Livingston,1,5,0,1,1,5,0,1,"Milwaukee Bucks, 2024"
Isaiah Livers,71,6.6,2.8,0.9,71,6.6,2.8,0.9,"Detroit Pistons, 2022-2023"
Dereck Lively II,7,9,7.7,1.1,7,9,7.7,1.1,"Dallas Mavericks, 2024"
Gene Littles,450,9,3.3,3,450,9,3.3,3,"Carolina Cougars, 1970-1971"
Sammy Little,3,1.7,0.3,0.7,3,1.7,0.3,0.7,"Kentucky Colonels, 1970"
Nassir Little,197,6,3.1,0.8,197,6,3.1,0.8,"Portland Trail Blazers, 2020-2022"
Alton Lister,953,6.6,6.3,1,953,6.6,6.3,1,"Milwaukee Bucks, 1982-1986"
Steve Lingenfelter,10,1,1.6,0.5,10,1,1.6,0.5,"Washington Bullets, 1983"
Jeremy Lin,480,11.6,2.8,4.3,480,11.6,2.8,4.3,"Golden State Warriors, 2011"
Damian Lillard,776,25.2,4.2,6.7,776,25.2,4.2,6.7,"Portland Trail Blazers, 2013-2023"
Goose Ligon,434,12.8,10.9,2.1,434,12.8,10.9,2.1,"Kentucky Colonels, 1968-1970"
Bill Ligon,38,3.3,0.7,0.7,38,3.3,0.7,0.7,"Detroit Pistons, 1975"
DeAndre Liggins,177,2,1.4,0.7,177,2,1.4,0.7,"Orlando Magic, 2012"
E.J. Liddell,3,1.3,0.7,0,3,1.3,0.7,0,"New Orleans Pelicans, 2024"
Todd Lichti,237,7.9,2.1,1.4,237,7.9,2.1,1.4,"Denver Nuggets, 1990-1993"
Marcus Liberty,267,7.3,3.5,0.9,267,7.3,3.5,0.9,"Denver Nuggets, 1991-1993"
Scottie Lewis,2,0.5,0,0.5,2,0.5,0,0.5,"Charlotte Hornets, 2022"
Reggie Lewis,450,17.6,4.3,2.6,450,17.6,4.3,2.6,"Boston Celtics, 1988-1993"
Rashard Lewis,1049,14.9,5.2,1.7,1049,14.9,5.2,1.7,"Seattle SuperSonics, 1999-2001"
Ralph Lewis,99,2.3,1.2,0.3,99,2.3,1.2,0.3,"Detroit Pistons, 1988-1990"
Quincy Lewis,159,3.6,1.3,0.6,159,3.6,1.3,0.6,"Utah Jazz, 2000-2002"
Mike Lewis,337,12.1,11.9,3,337,12.1,11.9,3,"Indiana Pacers, 1969"
Maxwell Lewis,3,0,0.3,0,3,0,0.3,0,"Los Angeles Lakers, 2024"
Martin Lewis,25,3.6,1.4,0.3,25,3.6,1.4,0.3,"Toronto Raptors, 1996"
Kira Lewis Jr.,111,5.6,1.4,1.9,111,5.6,1.4,1.9,"New Orleans Pelicans, 2021-2024"
Grady Lewis,139,5.4,-,0.9,139,5.4,-,0.9,"Detroit Falcons, 1947"
Freddie Lewis,750,16,3.7,4,750,16,3.7,4,"Cincinnati Royals, 1967"
Freddie Lewis,95,8.4,-,1.4,95,8.4,-,1.4,"Indianapolis Jets, 1949"
Cedric Lewis,3,1.3,0.7,0,3,1.3,0.7,0,"Washington Bullets, 1996"
Bobby Lewis,255,5.8,2.1,2.2,255,5.8,2.1,2.2,"San Francisco Warriors, 1968-1970"
Cliff Levingston,830,7.1,5.2,0.9,830,7.1,5.2,0.9,"Detroit Pistons, 1983-1984"
Fat Lever,752,13.9,6,6.2,752,13.9,6,6.2,"Portland Trail Blazers, 1983-1984"
Andrew Levane,103,4.5,1.3,2,103,4.5,1.3,2,"Rochester Royals, 1949"
Jon Leuer,377,6.4,3.8,0.8,377,6.4,3.8,0.8,"Milwaukee Bucks, 2012"
Clifford Lett,11,3.5,0.6,0.7,11,3.5,0.6,0.7,"Chicago Bulls, 1990"
Ronnie Lester,250,7.3,1.9,4,250,7.3,1.9,4,"Chicago Bulls, 1981-1984"
Travis Leslie,10,1.4,0.9,0.5,10,1.4,0.9,0.5,"Los Angeles Clippers, 2012"
Jim Les,321,3.8,1.2,2.9,321,3.8,1.2,2.9,"Utah Jazz, 1989-1990"
Slick Leonard,426,9.9,2.9,3.3,426,9.9,2.9,3.3,"Minneapolis Lakers, 1957"
Meyers Leonard,456,5.6,3.9,0.9,456,5.6,3.9,0.9,"Portland Trail Blazers, 2013-2019"
Kawhi Leonard,635,19.6,6.4,3,635,19.6,6.4,3,"San Antonio Spurs, 2012-2018"
Gary Leonard,31,1.4,1.1,0.1,31,1.4,1.1,0.1,"Minnesota Timberwolves, 1990"
Leary Lentz,148,8,6.2,0.8,148,8,6.2,0.8,"Houston Mavericks, 1968-1969"
Voshon Lenard,565,11.9,2.8,2.1,565,11.9,2.8,2.1,"Miami Heat, 1996"
Alex Len,600,7.4,5.7,0.8,600,7.4,5.7,0.8,"Phoenix Suns, 2014-2018"
Walt Lemon Jr.,11,9.4,2.6,3.2,11,9.4,2.6,3.2,"New Orleans Pelicans, 2018"
Barry Leibowitz,82,10.9,2.1,3.7,82,10.9,2.1,3.7,"Pittsburgh Pipers, 1968"
George Lehmann,376,11.9,1.6,4.5,376,11.9,1.6,4.5,"St. Louis Hawks, 1968"
Tim Legler,310,7,1.6,1.3,310,7,1.6,1.3,"Phoenix Suns, 1990"
Hank Lefkowitz,24,2.1,-,0.2,24,2.1,-,0.2,"Cleveland Rebels, 1947"
Ed Leede,121,7.8,2.1,1.9,121,7.8,2.1,1.9,"Boston Celtics, 1950-1951"
Saben Lee,113,5.6,2.1,3.1,113,5.6,2.1,3.1,"Detroit Pistons, 2021-2022"
Russ Lee,97,2.9,1.2,0.7,97,2.9,1.2,0.7,"Milwaukee Bucks, 1973-1974"
Ron Lee,448,7.3,2.7,3.8,448,7.3,2.7,3.8,"Phoenix Suns, 1977-1979"
Rock Lee,2,1,0.5,1,2,1,0.5,1,"San Diego Clippers, 1982"
Malcolm Lee,36,3.9,1.8,1.4,36,3.9,1.8,1.4,"Minnesota Timberwolves, 2012"
Kurk Lee,48,1.4,0.6,0.7,48,1.4,0.6,0.7,"New Jersey Nets, 1991"
Keith Lee,182,6.1,4.7,1,182,6.1,4.7,1,"Cleveland Cavaliers, 1986-1987"
Greg Lee,10,2.4,0.5,2.4,10,2.4,0.5,2.4,"San Diego Conquistadors, 1975"
George Lee,297,7.5,4.2,0.9,297,7.5,4.2,0.9,"Detroit Pistons, 1961-1962"
Doug Lee,73,2.3,0.6,0.4,73,2.3,0.6,0.4,"New Jersey Nets, 1992-1993"
David Lee,829,13.5,8.8,2.2,829,13.5,8.8,2.2,"New York Knicks, 2006-2010"
Dave Lee,58,6.4,3.2,0.3,58,6.4,3.2,0.3,"Oakland Oaks, 1968"
Damion Lee,290,8.2,3.4,1.4,290,8.2,3.4,1.4,"Atlanta Hawks, 2018"
Courtney Lee,811,9.6,2.6,1.7,811,9.6,2.6,1.7,"Orlando Magic, 2009"
Clyde Lee,742,7.7,10.3,1.1,742,7.7,10.3,1.1,"San Francisco Warriors, 1967-1971"
Butch Lee,96,8.1,1.4,3.2,96,8.1,1.4,3.2,"Atlanta Hawks, 1979"
Ricky Ledo,28,3.9,1.4,0.8,28,3.9,1.4,0.8,"Dallas Mavericks, 2014"
Jalen Lecque,9,1.7,0.8,0.4,9,1.7,0.8,0.4,"Phoenix Suns, 2020"
Eric Leckner,449,4.1,3.2,0.5,449,4.1,3.2,0.5,"Utah Jazz, 1989-1990"
Jeff Lebo,4,1.5,1,0.8,4,1.5,1,0.8,"San Antonio Spurs, 1990"
Allen Leavell,700,9.5,1.7,4.8,700,9.5,1.7,4.8,"Houston Rockets, 1980-1989"
Hal Lear,3,1.3,0.3,0.3,3,1.3,0.3,0.3,"Philadelphia Warriors, 1957"
Manny Leaks,446,11.9,9,1.1,446,11.9,9,1.1,"Kentucky Colonels, 1969"
T.J. Leaf,146,3.3,1.9,0.3,146,3.3,1.9,0.3,"Indiana Pacers, 2018-2020"
Caris LeVert,399,14.2,3.8,3.9,399,14.2,3.8,3.9,"Brooklyn Nets, 2017-2021"
Mo Layton,267,6.9,1.3,2.6,267,6.9,1.3,2.6,"Phoenix Suns, 1972-1973"
Jake Layman,243,4.8,1.7,0.5,243,4.8,1.7,0.5,"Portland Trail Blazers, 2017-2019"
Ty Lawson,551,12.7,2.7,6,551,12.7,2.7,6,"Denver Nuggets, 2010-2015"
Jason Lawson,17,1.5,1.6,0.3,17,1.5,1.6,0.3,"Orlando Magic, 1998"
A.J. Lawson,15,3.7,1.4,0.1,15,3.7,1.4,0.1,"Minnesota Timberwolves, 2023"
Edmund Lawrence,3,4,1.3,0.3,3,4,1.3,0.3,"Detroit Pistons, 1981"
Gani Lawal,1,0,0,0,1,0,0,0,"Phoenix Suns, 2011"
Vic Law,8,1.9,1.4,0.4,8,1.9,1.4,0.4,"Orlando Magic, 2020"
Acie Law,188,3.9,1,1.6,188,3.9,1,1.6,"Atlanta Hawks, 2008-2009"
Bob Lavoy,264,8.2,6.2,1.5,264,8.2,6.2,1.5,"Indianapolis Olympians, 1951-1953"
Tony Lavelli,86,6.9,2,0.7,86,6.9,2,0.7,"Boston Celtics, 1950"
Joffrey Lauvergne,208,5.6,3.8,0.9,208,5.6,3.8,0.9,"Denver Nuggets, 2015-2016"
Walt Lautenbach,55,4.3,-,1.3,55,4.3,-,1.3,"Sheboygan Red Skins, 1950"
Rich Laurel,10,2.4,1,0.3,10,2.4,1,0.3,"Milwaukee Bucks, 1978"
Priest Lauderdale,74,3.4,1.9,0.4,74,3.4,1.9,0.4,"Atlanta Hawks, 1997"
Dave Lattin,263,7.2,5.1,0.7,263,7.2,5.1,0.7,"San Francisco Warriors, 1968"
Stéphane Lasme,16,5.2,3.3,0.2,16,5.2,3.3,0.2,"Golden State Warriors, 2008"
John Laskowski,118,7.1,2.4,0.8,118,7.1,2.4,0.8,"Chicago Bulls, 1976"
Shane Larkin,256,5.5,1.9,2.9,256,5.5,1.9,2.9,"Dallas Mavericks, 2014"
York Larese,59,5.1,1.3,1.6,59,5.1,1.3,1.6,"Chicago Packers, 1962"
Nicolás Laprovíttola,18,3.3,0.6,1.6,18,3.3,0.6,1.6,"San Antonio Spurs, 2017"
Stu Lantz,547,12.4,3.3,2.9,547,12.4,3.3,2.9,"San Diego Rockets, 1969-1971"
Bob Lanier,959,20.1,10.1,3.1,959,20.1,10.1,3.1,"Detroit Pistons, 1971-1980"
Dan Langhi,133,3,1.5,0.3,133,3,1.5,0.3,"Houston Rockets, 2001-2002"
Romeo Langford,141,4.6,2.1,0.7,141,4.6,2.1,0.7,"Boston Celtics, 2020-2021"
Keith Langford,2,1,1,0,2,1,1,0,"San Antonio Spurs, 2008"
Trajan Langdon,119,5.4,1.3,1.3,119,5.4,1.3,1.3,"Cleveland Cavaliers, 2000-2002"
James Lang,11,1,1,0.2,11,1,1,0.2,"Washington Wizards, 2007"
Antonio Lang,143,2.3,1.5,0.3,143,2.3,1.5,0.3,"Phoenix Suns, 1995"
Andrew Lang,737,6,4.8,0.6,737,6,4.8,0.6,"Phoenix Suns, 1989-1992"
Jerome Lane,218,5.3,5.8,1.5,218,5.3,5.8,1.5,"Denver Nuggets, 1989-1992"
Mark Landsberger,437,5.6,6.1,0.5,437,5.6,6.1,0.5,"Chicago Bulls, 1978-1980"
Marcus Landry,18,2.4,1.1,0,18,2.4,1.1,0,"New York Knicks, 2010"
Carl Landry,513,10.8,4.9,0.7,513,10.8,4.9,0.7,"Houston Rockets, 2008-2010"
Jock Landale,128,5.7,3.4,0.9,128,5.7,3.4,0.9,"San Antonio Spurs, 2022"
Sean Lampley,45,4.5,2.1,0.7,45,4.5,2.1,0.7,"Miami Heat, 2003"
Jim Lampley,1,3,5,0,1,3,5,0,"Philadelphia 76ers, 1987"
Maciej Lampe,64,3.4,2.2,0.3,64,3.4,2.2,0.3,"Phoenix Suns, 2004-2005"
Jeff Lamp,291,5.1,1.5,0.9,291,5.1,1.5,0.9,"Portland Trail Blazers, 1982-1984"
John Lambert,446,3.8,3.3,0.6,446,3.8,3.3,0.6,"Cleveland Cavaliers, 1976-1981"
Jeremy Lamb,573,10.1,3.6,1.6,573,10.1,3.6,1.6,"Oklahoma City Thunder, 2013-2015"
Doron Lamb,100,3.5,1,0.8,100,3.5,1,0.8,"Milwaukee Bucks, 2013"
Anthony Lamb,88,6.2,3.3,1.4,88,6.2,3.3,1.4,"Houston Rockets, 2021"
Bo Lamar,273,16.4,2.7,3.9,273,16.4,2.7,3.9,"San Diego Conquistadors, 1974-1975"
Bill Laimbeer,1068,12.9,9.7,2,1068,12.9,9.7,2,"Cleveland Cavaliers, 1981"
Oliver Lafayette,1,7,4,2,1,7,4,2,"Boston Celtics, 2010"
Christian Laettner,868,12.8,6.7,2.6,868,12.8,6.7,2.6,"Minnesota Timberwolves, 1993-1996"
Wendell Ladner,300,11.6,8.3,2.1,300,11.6,8.3,2.1,"Memphis Pros, 1971-1972"
Bob Lackey,71,5.8,2.3,1.9,71,5.8,2.3,1.9,"New York Nets, 1973-1974"
Sam Lacey,1002,10.3,9.7,3.7,1002,10.3,9.7,3.7,"Cincinnati Royals, 1971-1972"
Edgar Lacey,46,5.1,3.9,0.7,46,5.1,3.9,0.7,"Los Angeles Stars, 1969"
Reggie Lacefield,8,3,1.4,0,8,3,1.4,0,"Kentucky Colonels, 1969"
Skal Labissière,148,7.2,4.5,1,148,7.2,4.5,1,"Sacramento Kings, 2017"
Zach LaVine,564,20.5,4,3.9,564,20.5,4,3.9,"Minnesota Timberwolves, 2015-2017"
Rudy LaRusso,736,15.6,9.4,2.1,736,15.6,9.4,2.1,"Minneapolis Lakers, 1960"
Rusty LaRue,98,5,1.3,1.6,98,5,1.3,1.6,"Chicago Bulls, 1998-2000"
Jake LaRavia,40,3.1,1.8,0.6,40,3.1,1.8,0.6,"Memphis Grizzlies, 2023-2024"
Tom LaGarde,312,7.6,5.1,1.5,312,7.6,5.1,1.5,"Denver Nuggets, 1978"
Raef LaFrentz,563,10.1,6.1,1.1,563,10.1,6.1,1.1,"Denver Nuggets, 1999-2002"
Fred LaCour,144,6.5,3.3,1.9,144,6.5,3.3,1.9,"St. Louis Hawks, 1961-1962"
Pete Myers,377,4.8,1.8,2.1,377,4.8,1.8,2.1,"Chicago Bulls, 1987"
Martin Müürsepp,83,4.7,2.2,0.6,83,4.7,2.2,0.6,"Miami Heat, 1997"
Dikembe Mutombo,1196,9.8,10.3,1,1196,9.8,10.3,1,"Denver Nuggets, 1992-1993"
Jerrod Mustaf,179,4,2.5,0.6,179,4,2.5,0.6,"New York Knicks, 1991"
Angelo Musi,161,8.4,-,0.7,161,8.4,-,0.7,"Philadelphia Warriors, 1947-1949"
Mike Muscala,500,6.1,3.2,0.9,500,6.1,3.2,0.9,"Atlanta Hawks, 2014-2015"
Džanan Musa,49,4.3,1.9,0.9,49,4.3,1.9,0.9,"Brooklyn Nets, 2019"
Toure' Murry,56,2.6,0.8,0.9,56,2.6,0.8,0.9,"New York Knicks, 2014"
Dorie Murrey,357,4.7,4.4,0.6,357,4.7,4.4,0.6,"Detroit Pistons, 1967"
Willie Murrell,228,13.1,7.3,1,228,13.1,7.3,1,"Denver Rockets, 1968"
Tracy Murray,659,9,2.5,0.8,659,9,2.5,0.8,"Portland Trail Blazers, 1993-1995"
Ronald Murray,487,9.9,2.1,2.3,487,9.9,2.1,2.3,"Milwaukee Bucks, 2003"
Lamond Murray,736,11.3,4.1,1.3,736,11.3,4.1,1.3,"Los Angeles Clippers, 1995-1999"
Kris Murray,3,0,0.3,0,3,0,0.3,0,"Portland Trail Blazers, 2024"
Ken Murray,181,8.1,3.3,2.7,181,8.1,3.3,2.7,"Baltimore Bullets, 1951"
Keegan Murray,87,12.2,4.8,1.3,87,12.2,4.8,1.3,"Sacramento Kings, 2023-2024"
Jamal Murray,417,16.9,3.7,4.3,417,16.9,3.7,4.3,"Denver Nuggets, 2017-2018"
Dejounte Murray,401,14.1,5.8,5.1,401,14.1,5.8,5.1,"San Antonio Spurs, 2017-2022"
Troy Murphy,729,10.8,7.8,1.5,729,10.8,7.8,1.5,"Golden State Warriors, 2002-2007"
Trey Murphy III,141,10.5,3,1.1,141,10.5,3,1.1,"New Orleans Pelicans, 2022-2023"
Tod Murphy,191,5.5,4.9,1,191,5.5,4.9,1,"Los Angeles Clippers, 1988"
Ronnie Murphy,18,2,0.6,0.3,18,2,0.6,0.3,"Portland Trail Blazers, 1988"
Kevin Murphy,17,0.9,0.2,0.1,17,0.9,0.2,0.1,"Utah Jazz, 2013"
John Murphy,20,1.6,-,0,20,1.6,-,0,"New York Knicks, 1947"
Jay Murphy,67,2.4,1.7,0.2,67,2.4,1.7,0.2,"Los Angeles Clippers, 1985-1986"
Erik Murphy,24,0.3,0.3,0.1,24,0.3,0.3,0.1,"Chicago Bulls, 2014"
Dick Murphy,31,1.1,-,0.3,31,1.1,-,0.3,"New York Knicks, 1947"
Calvin Murphy,1002,17.9,2.1,4.4,1002,17.9,2.1,4.4,"San Diego Rockets, 1971"
Allen Murphy,31,3.8,1.6,0.4,31,3.8,1.6,0.4,"Kentucky Colonels, 1976"
Ade Murkey,1,0,0,0,1,0,0,0,"Sacramento Kings, 2022"
Gheorghe Mureșan,307,9.8,6.4,0.5,307,9.8,6.4,0.5,"Washington Bullets, 1994-1997"
Eric Murdock,508,10.1,2.5,4.9,508,10.1,2.5,4.9,"Utah Jazz, 1992"
George Munroe,80,6.1,-,0.3,80,6.1,-,0.3,"St. Louis Bombers, 1947"
Chris Munk,11,1.2,1.3,0.1,11,1.2,1.3,0.1,"Utah Jazz, 1991"
Xavier Munford,20,4.2,1.6,1.3,20,4.2,1.6,1.3,"Memphis Grizzlies, 2016"
Todd Mundt,33,1.1,0.8,0.1,33,1.1,0.8,0.1,"Atlanta Hawks, 1996"
Jeff Mullins,804,16.2,4.3,3.8,804,16.2,4.3,3.8,"St. Louis Hawks, 1965-1966"
Chris Mullin,986,18.2,4.1,3.5,986,18.2,4.1,3.5,"Golden State Warriors, 1986-1988"
Byron Mullens,189,7.4,4.2,0.8,189,7.4,4.2,0.8,"Oklahoma City Thunder, 2010-2011"
Bob Mullens,54,5.8,-,1,54,5.8,-,1,"New York Knicks, 1947"
Joe Mullaney,37,0.8,-,1.4,37,0.8,-,1.4,"Boston Celtics, 1950"
Mychal Mulder,84,5.8,1.3,0.5,84,5.8,1.3,0.5,"Golden State Warriors, 2020-2021"
Shabazz Muhammad,278,9,2.8,0.5,278,9,2.8,0.5,"Minnesota Timberwolves, 2014-2018"
Erwin Mueller,445,7.4,4.7,2,445,7.4,4.7,2,"Chicago Bulls, 1967-1968"
Emmanuel Mudiay,302,10.9,2.9,3.8,302,10.9,2.9,3.8,"Denver Nuggets, 2016-2018"
Chuck Mrazovich,25,3.4,1.6,0.5,25,3.4,1.6,0.5,"Indianapolis Olympians, 1951"
Timofey Mozgov,454,6.8,4.9,0.6,454,6.8,4.9,0.6,"New York Knicks, 2011"
Alonzo Mourning,838,17.1,8.5,1.1,838,17.1,8.5,1.1,"Charlotte Hornets, 1993-1995"
Rick Mount,283,11.8,1.7,2.4,283,11.8,1.7,2.4,"Indiana Pacers, 1971-1972"
Arnett Moultrie,59,3.6,3.1,0.2,59,3.6,3.1,0.2,"Philadelphia 76ers, 2013-2014"
Hanno Möttölä,155,4.6,2.9,0.5,155,4.6,2.9,0.5,"Atlanta Hawks, 2001-2002"
Johnathan Motley,46,4.9,2.4,0.6,46,4.9,2.4,0.6,"Dallas Mavericks, 2018"
Donatas Motiejūnas,251,7.3,3.8,1.1,251,7.3,3.8,1.1,"Houston Rockets, 2013-2016"
Lawrence Moten,119,6.3,1.5,1.5,119,6.3,1.5,1.5,"Vancouver Grizzlies, 1996"
Perry Moss,136,3.9,1.5,1.5,136,3.9,1.5,1.5,"Washington Bullets, 1986"
Glenn Mosley,32,3.1,2.2,0.7,32,3.1,2.2,0.7,"Philadelphia 76ers, 1978"
Richard Morton,2,3,0,0.5,2,3,0,0.5,"Indiana Pacers, 1989"
John Morton,128,4.8,1.3,2.7,128,4.8,1.3,2.7,"Cleveland Cavaliers, 1990-1992"
Dwayne Morton,41,4.1,1.4,0.4,41,4.1,1.4,0.4,"Golden State Warriors, 1995"
Anthony Morrow,564,9.4,2.2,0.9,564,9.4,2.2,0.9,"Golden State Warriors, 2009-2010"
Red Morrison,155,3.6,5.3,0.9,155,3.6,5.3,0.9,"Boston Celtics, 1955-1956"
Mike Morrison,36,2,0.6,0.3,36,2,0.6,0.3,"Phoenix Suns, 1990"
John Morrison,9,3,1,0.8,9,3,1,0.8,"Denver Rockets, 1968"
Adam Morrison,161,7.5,2.1,1.4,161,7.5,2.1,1.4,"Charlotte Bobcats, 2007"
Terence Morris,139,3.4,2.7,0.7,139,3.4,2.7,0.7,"Houston Rockets, 2002-2003"
Randolph Morris,74,1.9,1.4,0.1,74,1.9,1.4,0.1,"New York Knicks, 2007-2008"
Monte Morris,342,10.5,2.5,4,342,10.5,2.5,4,"Denver Nuggets, 2018"
Max Morris,62,12.6,-,3.1,62,12.6,-,3.1,"Sheboygan Red Skins, 1950"
Markieff Morris,750,10.6,5,1.6,750,10.6,5,1.6,"Phoenix Suns, 2012-2013"
Marcus Morris,784,12.3,4.5,1.5,784,12.3,4.5,1.5,"Houston Rockets, 2012-2013"
Jaylen Morris,13,3.1,1.8,1,13,3.1,1.8,1,"Atlanta Hawks, 2018"
Isaiah Morris,25,2.2,0.5,0.2,25,2.2,0.5,0.2,"Detroit Pistons, 1993"
Darius Morris,132,3.3,1,1.4,132,3.3,1,1.4,"Los Angeles Lakers, 2012-2013"
Chris Morris,747,11,4.7,1.6,747,11,4.7,1.6,"New Jersey Nets, 1989-1995"
Darren Morningstar,23,4.2,3.5,0.7,23,4.2,3.5,0.7,"Dallas Mavericks, 1994"
Elmore Morgenthaler,31,1.8,-,0.3,31,1.8,-,0.3,"Providence Steamrollers, 1947"
Rex Morgan,62,2.8,1.5,0.6,62,2.8,1.5,0.6,"Boston Celtics, 1971-1972"
Juwan Morgan,52,1.5,1.2,0.3,52,1.5,1.2,0.3,"Utah Jazz, 2020-2021"
Guy Morgan,8,1.9,2.1,0.9,8,1.9,2.1,0.9,"Indiana Pacers, 1983"
Jackie Moreland,582,9.8,5.9,1.6,582,9.8,5.9,1.6,"Detroit Pistons, 1961-1965"
Eric Moreland,83,1.9,3.7,1,83,1.9,3.7,1,"Sacramento Kings, 2015"
Wendell Moore Jr.,29,1.4,0.6,0.6,29,1.4,0.6,0.6,"Minnesota Timberwolves, 2023"
Ja Morant,248,22.4,4.8,7.4,248,22.4,4.8,7.4,"Memphis Grizzlies, 2020-2023"
Tracy Moore,119,7,1.5,1,119,7,1.5,1,"Dallas Mavericks, 1992-1993"
Ron Moore,14,1.7,0.6,0.1,14,1.7,0.6,0.1,"Detroit Pistons, 1988"
Richie Moore,18,3.8,1.1,0.4,18,3.8,1.1,0.4,"Denver Rockets, 1968"
Otto Moore,682,8.2,8.2,1.6,682,8.2,8.2,1.6,"Detroit Pistons, 1969-1971"
Mikki Moore,564,5.8,3.9,0.7,564,5.8,3.9,0.7,"Detroit Pistons, 1999-2001"
Lowes Moore,112,6.7,2,2.8,112,6.7,2,2.8,"New Jersey Nets, 1981"
Larry Moore,12,2.3,1.3,0.1,12,2.3,1.3,0.1,"Anaheim Amigos, 1968"
Johnny Moore,520,9.4,3,7.4,520,9.4,3,7.4,"San Antonio Spurs, 1981"
Jackie Moore,133,2.7,2.5,0.5,133,2.7,2.5,0.5,"Philadelphia Warriors, 1955-1957"
Gene Moore,465,12,9.4,1.4,465,12,9.4,1.4,"Kentucky Colonels, 1969-1970"
E'Twaun Moore,598,7.9,2,1.8,598,7.9,2,1.8,"Boston Celtics, 2012"
Ben Moore,2,0,0.5,0.5,2,0,0.5,0.5,"Indiana Pacers, 2018"
Andre Moore,10,2.4,1.4,0.6,10,2.4,1.4,0.6,"Denver Nuggets, 1988"
Matt Mooney,5,0.4,0.6,0.2,5,0.4,0.6,0.2,"Cleveland Cavaliers, 2020"
Jim Mooney,18,7.5,3.9,1.9,18,7.5,3.9,1.9,"Philadelphia Warriors, 1953"
Xavier Moon,14,4.6,1.2,2.1,14,4.6,1.2,2.1,"Los Angeles Clippers, 2022-2023"
Jamario Moon,286,6.3,4.3,1,286,6.3,4.3,1,"Toronto Raptors, 2008-2009"
Moses Moody,124,4.8,1.7,0.7,124,4.8,1.7,0.7,"Golden State Warriors, 2022-2024"
Eric Montross,465,4.5,4.6,0.4,465,4.5,4.6,0.4,"Boston Celtics, 1995-1996"
Howie Montgomery,20,7.2,3.5,1.1,20,7.2,3.5,1.1,"San Francisco Warriors, 1963"
Luis Montero,14,1,0.4,0.1,14,1,0.4,0.1,"Portland Trail Blazers, 2016"
Rodney Monroe,38,3.4,0.9,0.7,38,3.4,0.9,0.7,"Atlanta Hawks, 1992"
Greg Monroe,646,13,8.2,2.1,646,13,8.2,2.1,"Detroit Pistons, 2011-2015"
Earl Monroe,926,18.8,3,3.9,926,18.8,3,3.9,"Baltimore Bullets, 1968"
Malik Monk,393,11,2.4,2.4,393,11,2.4,2.4,"Charlotte Hornets, 2018-2019"
Sergei Monia,26,3,2,0.7,26,3,2,0.7,"Portland Trail Blazers, 2006"
Eric Money,426,12.2,2.1,3.8,426,12.2,2.1,3.8,"Detroit Pistons, 1975-1980"
Chima Moneke,2,1,1,0.5,2,1,1,0.5,"Sacramento Kings, 2023"
Sidney Moncrief,767,15.6,4.7,3.6,767,15.6,4.7,3.6,"Milwaukee Bucks, 1980-1986"
Wayne Molis,59,4.7,3.3,0.7,59,4.7,3.3,0.7,"New York Knicks, 1967"
Jack Molinas,32,11.6,7.1,1.6,32,11.6,7.1,1.6,"Fort Wayne Pistons, 1954"
Adam Mokoka,25,1.9,0.6,0.4,25,1.9,0.6,0.4,"Chicago Bulls, 2020-2021"
Paul Mokeski,694,4,3.4,0.7,694,4,3.4,0.7,"Houston Rockets, 1980"
Jérôme Moïso,145,2.7,2.7,0.3,145,2.7,2.7,0.3,"Boston Celtics, 2001"
Nazr Mohammed,1005,5.8,4.7,0.4,1005,5.8,4.7,0.4,"Philadelphia 76ers, 1999-2001"
Leo Mogus,231,8.5,1.8,1.4,231,8.5,1.8,1.4,"Cleveland Rebels, 1947"
Larry Moffett,20,0.8,1.1,0.4,20,0.8,1.1,0.4,"Houston Rockets, 1978"
Doug Moe,378,16.3,6.8,3.2,378,16.3,6.8,3.2,"New Orleans Buccaneers, 1968"
Isaiah Mobley,14,2.2,1.5,0.2,14,2.2,1.5,0.2,"Cleveland Cavaliers, 2023-2024"
Evan Mobley,156,15.6,8.8,2.7,156,15.6,8.8,2.7,"Cleveland Cavaliers, 2022-2024"
Eric Mobley,113,3.9,3.1,0.5,113,3.9,3.1,0.5,"Milwaukee Bucks, 1995-1996"
Cuttino Mobley,747,16,3.9,2.7,747,16,3.9,2.7,"Houston Rockets, 1999-2003"
Bill Mlkvy,31,5.8,3.3,2,31,5.8,3.3,2,"Philadelphia Warriors, 1953"
Steve Mix,788,10.6,5.3,1.8,788,10.6,5.3,1.8,"Detroit Pistons, 1970-1972"
Naz Mitrou-Long,20,1.7,0.7,1.2,20,1.7,0.7,1.2,"Utah Jazz, 2018-2019"
Tony Mitchell,21,1,1.2,0.1,21,1,1.2,0.1,"Detroit Pistons, 2014"
Tony Mitchell,3,2,0.3,0.3,3,2,0.3,0.3,"Milwaukee Bucks, 2014"
Todd Mitchell,24,5.1,2.1,0.9,24,5.1,2.1,0.9,"Miami Heat, 1989"
Sam Mitchell,994,8.7,3.7,1.1,994,8.7,3.7,1.1,"Minnesota Timberwolves, 1990-1996"
Mike Mitchell,759,19.8,5.6,1.3,759,19.8,5.6,1.3,"Cleveland Cavaliers, 1979-1981"
Leland Mitchell,78,4.1,2.3,0.9,78,4.1,2.3,0.9,"New Orleans Buccaneers, 1968"
Donovan Mitchell,420,24.7,4.2,4.5,420,24.7,4.2,4.5,"Utah Jazz, 2018-2022"
Davion Mitchell,162,8.4,1.7,3.2,162,8.4,1.7,3.2,"Sacramento Kings, 2022-2024"
Jason Miskiri,1,0,0,1,1,0,0,1,"Charlotte Hornets, 2000"
Wat Misaka,3,2.3,-,0,3,2.3,-,0,"New York Knicks, 1948"
Nikola Mirotić,319,12.3,5.9,1.3,319,12.3,5.9,1.3,"Chicago Bulls, 2015-2018"
Josh Minott,20,2.7,1.3,0.3,20,2.7,1.3,0.3,"Minnesota Timberwolves, 2023-2024"
Mark Minor,4,1.3,1,0.5,4,1.3,1,0.5,"Boston Celtics, 1973"
Greg Minor,277,6.9,2.7,1.4,277,6.9,2.7,1.4,"Boston Celtics, 1995-1999"
Dave Minor,116,7.6,4.5,2.5,116,7.6,4.5,2.5,"Baltimore Bullets, 1952"
Dirk Minniefield,222,5.3,1.7,3.8,222,5.3,1.7,3.8,"Cleveland Cavaliers, 1986-1987"
Yao Ming,486,19,9.2,1.6,486,19,9.2,1.6,"Houston Rockets, 2003"
Harold Miner,200,9,2.2,1.2,200,9,2.2,1.2,"Miami Heat, 1993-1995"
Justin Minaya,5,3.4,3.4,0.8,5,3.4,3.4,0.8,"Portland Trail Blazers, 2023"
Shake Milton,261,9.2,2.4,2.7,261,9.2,2.4,2.7,"Philadelphia 76ers, 2019-2023"
Paul Millsap,1085,13.4,7.1,2.2,1085,13.4,7.1,2.2,"Utah Jazz, 2007-2010"
Elijah Millsap,69,4.2,2.8,1.1,69,4.2,2.8,1.1,"Utah Jazz, 2015-2016"
Terry Mills,678,10.6,5.4,1.3,678,10.6,5.4,1.3,"Denver Nuggets, 1991"
Patty Mills,860,9,1.7,2.3,860,9,1.7,2.3,"Portland Trail Blazers, 2010-2011"
John Mills,47,3.9,-,0.2,47,3.9,-,0.2,"Pittsburgh Ironmen, 1947"
Chris Mills,568,11.2,4.9,1.9,568,11.2,4.9,1.9,"Cleveland Cavaliers, 1994"
Walt Miller,12,1.9,-,0.5,12,1.9,-,0.5,"Pittsburgh Ironmen, 1947"
Reggie Miller,1389,18.2,3,3,1389,18.2,3,3,"Indiana Pacers, 1988-1990"
Quincy Miller,69,4.3,2.4,0.5,69,4.3,2.4,0.5,"Denver Nuggets, 2013-2014"
Oliver Miller,493,7.4,5.9,2.2,493,7.4,5.9,2.2,"Phoenix Suns, 1993-1994"
Mike Miller,1032,10.6,4.2,2.6,1032,10.6,4.2,2.6,"Orlando Magic, 2001-2003"
Malcolm Miller,53,2,0.7,0.3,53,2,0.7,0.3,"Toronto Raptors, 2018-2020"
Leonard Miller,1,0,1,0,1,0,1,0,"Minnesota Timberwolves, 2024"
Larry Miller,486,13.6,5,2.4,486,13.6,5,2.4,"Los Angeles Stars, 1969-1970"
Jordan Miller,2,2.5,0,0,2,2.5,0,0,"Los Angeles Clippers, 2024"
Jay Miller,117,5.5,1.8,0.4,117,5.5,1.8,0.4,"St. Louis Hawks, 1968"
Harry Miller,53,2.9,-,0.8,53,2.9,-,0.8,"Toronto Huskies, 1947"
Eddie Miller,142,10.2,8.5,1.5,142,10.2,8.5,1.5,"Baltimore Bullets, 1953-1954"
Dick Miller,8,1,0.9,0.6,8,1,0.9,0.6,"Indiana Pacers, 1981"
Darius Miller,271,5.9,1.6,1.4,271,5.9,1.6,1.4,"New Orleans Hornets, 2013"
Brandon Miller,7,13.1,4.6,1.7,7,13.1,4.6,1.7,"Charlotte Hornets, 2024"
Brad Miller,868,11.2,7.1,2.8,868,11.2,7.1,2.8,"Charlotte Hornets, 1999-2000"
Bob Miller,2,2,2.5,0.5,2,2,2.5,0.5,"San Antonio Spurs, 1984"
Bill Miller,28,1.9,-,0.7,28,1.9,-,0.7,"Chicago Stags, 1949"
Anthony Miller,181,2.8,2.7,0.4,181,2.8,2.7,0.4,"Los Angeles Lakers, 1995-1996"
Andre Miller,1304,12.5,3.7,6.5,1304,12.5,3.7,6.5,"Cleveland Cavaliers, 2000-2002"
Nat Militzok,57,4.3,-,0.7,57,4.3,-,0.7,"New York Knicks, 1947"
Darko Miličić,468,6,4.2,0.9,468,6,4.2,0.9,"Detroit Pistons, 2004-2006"
Marko Milič,44,2.5,0.7,0.3,44,2.5,0.7,0.3,"Phoenix Suns, 1998-1999"
Eddie Miles,605,13.4,3.1,2,605,13.4,3.1,2,"Detroit Pistons, 1964-1970"
Darius Miles,446,10.1,4.9,1.9,446,10.1,4.9,1.9,"Los Angeles Clippers, 2001-2002"
C.J. Miles,849,9.6,2.4,1.1,849,9.6,2.4,1.1,"Utah Jazz, 2006-2010"
Aaron Miles,19,0.8,0.7,1.3,19,0.8,0.7,1.3,"Golden State Warriors, 2006"
Al Miksis,8,3.4,-,0.5,8,3.4,-,0.5,"Waterloo Hawks, 1950"
Vern Mikkelsen,699,14.4,9.4,2.2,699,14.4,9.4,2.2,"Minneapolis Lakers, 1950-1957"
Larry Mikan,53,3,2.6,0.8,53,3,2.6,0.8,"Cleveland Cavaliers, 1971"
George Mikan,439,23.1,13.4,2.8,439,23.1,13.4,2.8,"Minneapolis Lakers, 1949-1956"
Ed Mikan,323,6.7,5.5,0.9,323,6.7,5.5,0.9,"Chicago Stags, 1949-1950"
Eric Mika,1,6,7,0,1,6,7,0,"Sacramento Kings, 2020"
Chris Mihm,436,7.5,5.3,0.5,436,7.5,5.3,0.5,"Cleveland Cavaliers, 2001-2003"
Red Mihalik,7,0.9,-,0,7,0.9,-,0,"Pittsburgh Ironmen, 1947"
Khris Middleton,689,17,4.8,3.8,689,17,4.8,3.8,"Detroit Pistons, 2013"
Jordan Mickey,64,2.4,2,0.3,64,2.4,2,0.3,"Boston Celtics, 2016-2017"
Vasilije Micić,3,3.3,0.3,2.3,3,3.3,0.3,2.3,"Oklahoma City Thunder, 2024"
Larry Micheaux,96,3.4,2.7,0.5,96,3.4,2.7,0.5,"Kansas City Kings, 1984"
Stan Miasek,365,10.6,7.6,1.4,365,10.6,7.6,1.4,"Detroit Falcons, 1947"
Dave Meyers,281,11.2,6.3,2.3,281,11.2,6.3,2.3,"Milwaukee Bucks, 1976"
Loren Meyer,140,4.6,3.4,0.6,140,4.6,3.4,0.6,"Dallas Mavericks, 1996-1997"
Bill Meyer,7,3.1,0.7,0.1,7,3.1,0.7,0.1,"Pittsburgh Pipers, 1968"
Chimezie Metu,212,5.6,3.4,0.7,212,5.6,3.4,0.7,"San Antonio Spurs, 2019-2020"
Tom Meschery,778,12.7,8.6,1.7,778,12.7,8.6,1.7,"Philadelphia Warriors, 1962"
Sam Merrill,44,3.3,1.1,0.8,44,3.3,1.1,0.8,"Milwaukee Bucks, 2021"
Porter Meriwether,31,3.8,0.9,1.4,31,3.8,0.9,1.4,"Syracuse Nationals, 1963"
Joe Meriweather,670,8.1,5.6,0.9,670,8.1,5.6,0.9,"Houston Rockets, 1976"
Ron Mercer,432,13.6,3.1,2.1,432,13.6,3.1,2.1,"Boston Celtics, 1998-1999"
Dewitt Menyard,71,9.1,7.8,1.2,71,9.1,7.8,1.2,"Houston Mavericks, 1968"
Pops Mensah-Bonsu,61,3,3,0.2,61,3,3,0.2,"Dallas Mavericks, 2007"
John Mengelt,636,9.8,1.9,2.1,636,9.8,1.9,2.1,"Cincinnati Royals, 1972"
Chuck Mencel,141,7,2.5,2.4,141,7,2.5,2.4,"Minneapolis Lakers, 1956-1957"
Dean Meminger,416,6.1,2.6,2.5,416,6.1,2.6,2.5,"New York Knicks, 1972-1977"
De'Anthony Melton,319,8.8,3.7,2.8,319,8.8,3.7,2.8,"Phoenix Suns, 2019"
Fab Melo,6,1.2,0.5,0,6,1.2,0.5,0,"Boston Celtics, 2013"
Nicolò Melli,105,5,2.9,1.2,105,5,2.9,1.2,"New Orleans Pelicans, 2020-2021"
Gary Melchionni,137,7.8,2.4,2.2,137,7.8,2.4,2.2,"Phoenix Suns, 1974-1975"
Bill Melchionni,646,10.6,2,5,646,10.6,2,5,"Philadelphia 76ers, 1967-1968"
Gal Mekel,35,2.3,0.8,2.2,35,2.3,0.8,2.2,"Dallas Mavericks, 2014"
Salah Mejri,204,3.4,4,0.5,204,3.4,4,0.5,"Dallas Mavericks, 2016-2019"
Carl Meinhold,98,5.3,-,0.6,98,5.3,-,0.6,"Baltimore Bullets, 1948"
Monk Meineke,343,6.8,4.7,1.3,343,6.8,4.7,1.3,"Fort Wayne Pistons, 1953-1955"
Dick Mehen,193,10.7,3.9,2.5,193,10.7,3.9,2.5,"Waterloo Hawks, 1950"
Scott Meents,39,1.8,1,0.4,39,1.8,1,0.4,"Seattle SuperSonics, 1990"
Cliff Meely,318,8.4,5.4,1.3,318,8.4,5.4,1.3,"Houston Rockets, 1972-1976"
Jodie Meeks,539,9.3,2.1,1.1,539,9.3,2.1,1.1,"Milwaukee Bucks, 2010"
Darnell Mee,40,1.9,0.9,0.5,40,1.9,0.9,0.5,"Denver Nuggets, 1994-1995"
Stanislav Medvedenko,263,5.3,2.8,0.5,263,5.3,2.8,0.5,"Los Angeles Lakers, 2001-2006"
George Mearns,81,5.5,-,0.6,81,5.5,-,0.6,"Providence Steamrollers, 1947-1948"
Eric McWilliams,44,2,1.4,0.1,44,2,1.4,0.1,"Houston Rockets, 1973"
Josh McRoberts,433,5.4,3.9,2.1,433,5.4,3.9,2.1,"Portland Trail Blazers, 2008"
Thales McReynolds,5,0.6,1.2,0.2,5,0.6,1.2,0.2,"Baltimore Bullets, 1966"
Jordan McRae,123,6.9,1.8,1.4,123,6.9,1.8,1.4,"Phoenix Suns, 2016"
Cozell McQueen,3,2,2.7,0,3,2,2.7,0,"Detroit Pistons, 1987"
Roy McPipe,5,4.2,1,0.2,5,4.2,1,0.2,"Utah Stars, 1975"
Paul McPherson,55,4.8,1.4,0.7,55,4.8,1.4,0.7,"Phoenix Suns, 2001"
Carl McNulty,1,2,0,0,1,2,0,0,"Milwaukee Hawks, 1955"
Larry McNeill,297,8.5,4.8,0.8,297,8.5,4.8,0.8,"Kansas City-Omaha Kings, 1974-1975"
Bob McNeill,125,4.6,1.4,2.6,125,4.6,1.4,2.6,"New York Knicks, 1961"
Chris McNealy,108,4.3,4.6,1,108,4.3,4.6,1,"New York Knicks, 1986-1988"
Jerel McNeal,6,1.5,0.5,0.3,6,1.5,0.5,0.3,"Phoenix Suns, 2015"
Joe McNamee,118,2.4,2,0.5,118,2.4,2,0.5,"Rochester Royals, 1951-1952"
Mark McNamara,278,3.5,3,0.3,278,3.5,3,0.3,"Philadelphia 76ers, 1983-1988"
Chet McNabb,2,0,-,0,2,0,-,0,"Baltimore Bullets, 1948"
Mal McMullen,109,4.8,2.5,1.1,109,4.8,2.5,1.1,"Indianapolis Olympians, 1950-1951"
Shellie McMillon,263,9.1,6,0.9,263,9.1,6,0.9,"Detroit Pistons, 1959-1962"
Jim McMillian,631,13.8,5.3,2.5,631,13.8,5.3,2.5,"Los Angeles Lakers, 1971-1973"
Tom McMillen,729,8.1,4,1.1,729,8.1,4,1.1,"Buffalo Braves, 1976-1977"
Nate McMillan,796,5.9,4,6.1,796,5.9,4,6.1,"Seattle SuperSonics, 1987-1995"
Jack McMahon,524,8.1,2.7,3.7,524,8.1,2.7,3.7,"Rochester Royals, 1953-1955"
Roshown McLeod,113,7.2,2.7,1.1,113,7.2,2.7,1.1,"Atlanta Hawks, 1999-2001"
Keith McLeod,200,5.5,1.3,2.7,200,5.5,1.3,2.7,"Minnesota Timberwolves, 2004"
George McLeod,10,1.2,2.1,0.4,10,1.2,2.1,0.4,"Baltimore Bullets, 1953"
McCoy McLemore,580,8.8,5.5,1.3,580,8.8,5.5,1.3,"San Francisco Warriors, 1965"
Ben McLemore,556,9,2.3,1,556,9,2.3,1,"Sacramento Kings, 2014"
Jordan McLaughlin,191,4.6,1.6,3.4,191,4.6,1.6,3.4,"Minnesota Timberwolves, 2020-2024"
JaQuori McLaughlin,4,0,0,0.5,4,0,0,0.5,"Dallas Mavericks, 2022"
Alfonzo McKinnie,182,4,2.5,0.3,182,4,2.5,0.3,"Toronto Raptors, 2018"
Trey McKinney-Jones,1,0,0,0,1,0,0,0,"Indiana Pacers, 2018"
Carlton McKinney,9,2.4,1.4,0.8,9,2.4,1.4,0.8,"Los Angeles Clippers, 1990"
Bones McKinney,318,9.4,3.5,1.6,318,9.4,3.5,1.6,"Washington Capitols, 1947-1950"
Billy McKinney,476,8,1.4,3.5,476,8,1.4,3.5,"Kansas City Kings, 1979-1980"
Aaron McKie,793,7.4,3.3,2.7,793,7.4,3.3,2.7,"Portland Trail Blazers, 1995-1997"
Derrick McKey,937,11,4.7,2.4,937,11,4.7,2.4,"Seattle SuperSonics, 1988-1993"
Stan McKenzie,396,9,2.8,1.5,396,9,2.8,1.5,"Baltimore Bullets, 1968"
Forrest McKenzie,6,2.8,1.2,0.2,6,2.8,1.2,0.2,"San Antonio Spurs, 1987"
Kevin McKenna,243,5.4,1.3,1.4,243,5.4,1.3,1.4,"Los Angeles Lakers, 1982"
Jerry McKee,1,0,0,0,1,0,0,0,"Indiana Pacers, 1970"
Bob McIntyre,28,7.1,4.3,0.6,28,7.1,4.3,0.6,"New Jersey Americans, 1968"
Kenny McIntosh,177,5.3,3.9,1,177,5.3,3.9,1,"Chicago Bulls, 1972-1973"
Jeff McInnis,576,9.4,2,4.4,576,9.4,2,4.4,"Denver Nuggets, 1997"
Jim McIlvaine,401,2.7,3.1,0.3,401,2.7,3.1,0.3,"Washington Bullets, 1995-1996"
Maurice McHartley,189,12.4,3.2,3.4,189,12.4,3.2,3.4,"Dallas Chaparrals, 1968"
Kevin McHale,971,17.9,7.3,1.7,971,17.9,7.3,1.7,"Boston Celtics, 1981-1993"
Dominic McGuire,342,2.7,3.4,1.2,342,2.7,3.4,1.2,"Washington Wizards, 2008-2010"
Dick McGuire,738,8,4.2,5.7,738,8,4.2,5.7,"New York Knicks, 1950-1957"
Allie McGuire,2,2,1,0.5,2,2,1,0.5,"New York Knicks, 1974"
Alfred McGuire,191,4,2.2,1.9,191,4,2.2,1.9,"New York Knicks, 1952"
Rodney McGruder,317,5.8,2.8,1.2,317,5.8,2.8,1.2,"Miami Heat, 2017-2019"
Elton McGriff,56,6,4.6,0.2,56,6,4.6,0.2,"Dallas Chaparrals, 1968-1969"
Cameron McGriff,3,4.7,5,1,3,4.7,5,1,"Portland Trail Blazers, 2022"
Gil McGregor,42,4.1,3.5,0.4,42,4.1,3.5,0.4,"Cincinnati Royals, 1972"
Tracy McGrady,938,19.6,5.6,4.4,938,19.6,5.6,4.4,"Toronto Raptors, 1998-2000"
Bryce McGowens,48,5.2,2,1.1,48,5.2,2,1.1,"Charlotte Hornets, 2023-2024"
Jon McGlocklin,792,11.6,2.4,2.9,792,11.6,2.4,2.9,"Cincinnati Royals, 1966-1967"
George McGinnis,842,20.2,11,3.7,842,20.2,11,3.7,"Indiana Pacers, 1972-1975"
Bill McGill,295,10.5,4.4,1.1,295,10.5,4.4,1.1,"Chicago Zephyrs, 1963"
Mike McGee,520,9.6,2.1,1.2,520,9.6,2.1,1.2,"Los Angeles Lakers, 1982-1986"
JaVale McGee,869,7.8,5.1,0.4,869,7.8,5.1,0.4,"Washington Wizards, 2009-2011"
Mitch McGary,52,4.4,3.5,0.3,52,4.4,3.5,0.3,"Oklahoma City Thunder, 2015-2016"
Mel McGaha,51,3.5,-,1,51,3.5,-,1,"New York Knicks, 1949"
Ivan McFarlin,11,1.4,1,0.1,11,1.4,1,0.1,"Philadelphia 76ers, 2007"
Pat McFarland,148,6.4,2,1.5,148,6.4,2,1.5,"Denver Rockets, 1974"
Jim McElroy,418,9.9,2,3.5,418,9.9,2,3.5,"New Orleans Jazz, 1976-1979"
Jalen McDaniels,204,7.5,3.7,1.3,204,7.5,3.7,1.3,"Charlotte Hornets, 2020-2023"
Jaden McDaniels,217,9.6,3.9,1.4,217,9.6,3.9,1.4,"Minnesota Timberwolves, 2021-2024"
Xavier McDaniel,870,15.6,6.1,2,870,15.6,6.1,2,"Seattle SuperSonics, 1986-1991"
Clint McDaniel,12,2.5,0.8,0.6,12,2.5,0.8,0.6,"Sacramento Kings, 1996"
John McCullough,8,2.6,0.5,0.4,8,2.6,0.5,0.4,"Phoenix Suns, 1982"
Chris McCullough,59,3.3,1.9,0.3,59,3.3,1.9,0.3,"Brooklyn Nets, 2016-2017"
Erik McCree,4,0,0.3,0,4,0,0.3,0,"Utah Jazz, 2018"
Scooter McCray,77,2.9,2.5,1,77,2.9,2.5,1,"Seattle SuperSonics, 1984-1985"
Rodney McCray,768,11.7,6.6,3.6,768,11.7,6.6,3.6,"Houston Rockets, 1984-1988"
Chris McCray,5,0,0,0,5,0,0,0,"Milwaukee Bucks, 2007"
Paul McCracken,37,4.3,2,0.9,37,4.3,2,0.9,"Houston Rockets, 1973-1974"
Jelani McCoy,260,4.6,3.5,0.5,260,4.6,3.5,0.5,"Seattle SuperSonics, 1999-2001"
Tim McCormick,483,8.3,4.9,1,483,8.3,4.9,1,"Seattle SuperSonics, 1985-1986"
Keith McCord,2,2,1,0.5,2,2,1,0.5,"Washington Bullets, 1981"
T.J. McConnell,561,7.1,3,5,561,7.1,3,5,"Philadelphia 76ers, 2016-2019"
John McConathy,11,1.3,1.8,0.7,11,1.3,1.8,0.7,"Milwaukee Hawks, 1952"
CJ McCollum,671,19.4,3.6,3.7,671,19.4,3.6,3.7,"Portland Trail Blazers, 2014-2022"
Mac McClung,4,8.3,3.3,2.5,4,8.3,3.3,2.5,"Chicago Bulls, 2022"
George McCloud,766,9,3.1,2.3,766,9,3.1,2.3,"Indiana Pacers, 1990"
Dan McClintock,6,3,2.8,0.2,6,3,2.8,0.2,"Denver Nuggets, 2001"
Ted McClain,555,8.4,2.9,3.4,555,8.4,2.9,3.4,"Carolina Cougars, 1972-1974"
Dwayne McClain,45,3.5,0.7,1.5,45,3.5,0.7,1.5,"Indiana Pacers, 1986"
Patrick McCaw,199,3.8,1.6,1.4,199,3.8,1.6,1.4,"Golden State Warriors, 2017-2018"
Amal McCaskill,114,1.8,1.9,0.3,114,1.8,1.9,0.3,"Orlando Magic, 1997"
Walter McCarty,593,5.2,2.6,1.1,593,5.2,2.6,1.1,"New York Knicks, 1997"
Kelly McCarty,2,2,1.5,0,2,2,1.5,0,"Denver Nuggets, 1999"
Howie McCarty,19,1.1,-,0.1,19,1.1,-,0.1,"Detroit Falcons, 1947"
Johnny McCarthy,316,7.8,3.6,3.7,316,7.8,3.6,3.7,"Rochester Royals, 1957"
Willie McCarter,155,7,1.6,2,155,7,1.6,2,"Los Angeles Lakers, 1970-1971"
Andre McCarter,103,3.8,0.9,1.7,103,3.8,0.9,1.7,"Kansas City Kings, 1977-1978"
Mike McCarron,68,9.7,-,0.9,68,9.7,-,0.9,"Toronto Huskies, 1947"
Rashad McCants,249,10,2,1.3,249,10,2,1.3,"Minnesota Timberwolves, 2006-2009"
Mel McCants,13,1.7,0.5,0.2,13,1.7,0.5,0.2,"Los Angeles Lakers, 1990"
Brendan McCann,41,1.8,1.2,1.6,41,1.8,1.2,1.6,"New York Knicks, 1958-1960"
Bob McCann,178,4.2,2.6,0.6,178,4.2,2.6,0.6,"Dallas Mavericks, 1990"
Ray McCallum,154,6,2,2.4,154,6,2,2.4,"Sacramento Kings, 2014-2015"
Tahjere McCall,1,4,1,0,1,4,1,0,"Brooklyn Nets, 2019"
Miles McBride,109,2.9,0.9,1,109,2.9,0.9,1,"New York Knicks, 2022-2024"
Ken McBride,12,9.8,2.6,1.2,12,9.8,2.6,1.2,"Milwaukee Hawks, 1955"
James Michael McAdoo,111,3,1.7,0.3,111,3,1.7,0.3,"Golden State Warriors, 2015-2017"
Bob McAdoo,852,22.1,9.4,2.3,852,22.1,9.4,2.3,"Buffalo Braves, 1973"
Luc Mbah a Moute,689,6.4,4.1,0.9,689,6.4,4.1,0.9,"Milwaukee Bucks, 2009-2013"
Matt Mazza,26,3.8,-,1.1,26,3.8,-,1.1,"Sheboygan Red Skins, 1950"
Travis Mays,115,11.1,2,2.8,115,11.1,2,2.8,"Sacramento Kings, 1991"
Skylar Mays,74,4.6,1.1,1.6,74,4.6,1.1,1.6,"Atlanta Hawks, 2021-2022"
O.J. Mayo,547,13.8,3.1,2.9,547,13.8,3.1,2.9,"Memphis Grizzlies, 2009-2012"
Eric Maynor,267,4.3,1.3,2.8,267,4.3,1.3,2.8,"Utah Jazz, 2010"
Ken Mayfield,13,2.8,0.6,0.3,13,2.8,0.6,0.3,"New York Knicks, 1976"
Bill Mayfield,7,2.4,1.3,0.1,7,2.4,1.3,0.1,"Golden State Warriors, 1981"
Tharon Mayes,24,4.1,0.7,1.5,24,4.1,0.7,1.5,"Philadelphia 76ers, 1992"
Clyde Mayes,74,4,3.8,0.5,74,4,3.8,0.5,"Milwaukee Bucks, 1976"
Lee Mayberry,496,5.1,1.3,3.6,496,5.1,1.3,3.6,"Milwaukee Bucks, 1993"
Sean May,119,6.9,4,1,119,6.9,4,1,"Charlotte Bobcats, 2006-2007"
Scott May,355,10.4,4.1,1.7,355,10.4,4.1,1.7,"Chicago Bulls, 1977-1980"
Don May,379,8.8,3.5,1,379,8.8,3.5,1,"New York Knicks, 1969-1970"
Vernon Maxwell,855,12.8,2.6,3.4,855,12.8,2.6,3.4,"San Antonio Spurs, 1989-1997"
Cedric Maxwell,835,12.5,6.3,2.2,835,12.5,6.3,2.2,"Boston Celtics, 1978-1979"
Jason Maxiell,618,5.6,4.2,0.4,618,5.6,4.2,0.4,"Detroit Pistons, 2006-2013"
Tyrese Maxey,203,15.7,2.7,3.5,203,15.7,2.7,3.5,"Philadelphia 76ers, 2021-2024"
Marlon Maxey,98,4.9,3.7,0.2,98,4.9,3.7,0.2,"Minnesota Timberwolves, 1993-1994"
Ariel Maughan,259,7.9,4,1.2,259,7.9,4,1.2,"Detroit Falcons, 1947"
Wesley Matthews,950,11.7,2.8,1.9,950,11.7,2.8,1.9,"Utah Jazz, 2010"
Wes Matthews,465,7.9,1.3,4.2,465,7.9,1.3,4.2,"Washington Bullets, 1981"
Bennedict Mathurin,87,16.4,4.1,1.6,87,16.4,4.1,1.6,"Indiana Pacers, 2023-2024"
Johnny Mathis,51,3.4,3.8,0.5,51,3.4,3.8,0.5,"New Jersey Americans, 1968"
Dakota Mathias,14,3.9,0.6,1,14,3.9,0.6,1,"Philadelphia 76ers, 2021"
Mangok Mathiang,4,2,2.5,0,4,2,2.5,0,"Charlotte Hornets, 2018"
Garrison Mathews,203,6.7,1.8,0.6,203,6.7,1.8,0.6,"Washington Wizards, 2020-2021"
Yante Maten,2,1,1.5,0,2,1,1.5,0,"Miami Heat, 2019"
Eddie Mast,112,2.5,2.4,0.5,112,2.5,2.4,0.5,"New York Knicks, 1971-1972"
Tony Massenburg,683,6.2,4.3,0.4,683,6.2,4.3,0.4,"San Antonio Spurs, 1991-1992"
Roger Mason,518,6.3,1.7,1.3,518,6.3,1.7,1.3,"Chicago Bulls, 2003-2004"
Frank Mason III,103,6.7,2,2.6,103,6.7,2,2.6,"Sacramento Kings, 2018-2019"
Desmond Mason,643,12.1,4.5,1.6,643,12.1,4.5,1.6,"Seattle SuperSonics, 2001"
Anthony Mason,882,10.9,8.3,3.4,882,10.9,8.3,3.4,"New Jersey Nets, 1990"
Al Masino,99,4.8,2.1,1.8,99,4.8,2.1,1.8,"Milwaukee Hawks, 1953"
Jamal Mashburn,611,19.1,5.4,4,611,19.1,5.4,4,"Dallas Mavericks, 1994-1997"
Whitey Martin,66,3.4,2.4,1.7,66,3.4,2.4,1.7,"New York Knicks, 1962"
Tyrese Martin,16,1.3,0.8,0.1,16,1.3,0.8,0.1,"Atlanta Hawks, 2023"
Slater Martin,745,9.8,3.4,4.2,745,9.8,3.4,4.2,"Minneapolis Lakers, 1950-1956"
Phil Martin,7,1.7,1.4,0.9,7,1.7,1.4,0.9,"Milwaukee Hawks, 1955"
Maurice Martin,69,3,0.9,0.7,69,3,0.9,0.7,"Denver Nuggets, 1987-1988"
LaRue Martin,271,5.3,4.6,0.7,271,5.3,4.6,0.7,"Portland Trail Blazers, 1973-1976"
Kevin Martin,714,17.4,3.2,1.9,714,17.4,3.2,1.9,"Sacramento Kings, 2005-2010"
Kenyon Martin,757,12.3,6.8,1.9,757,12.3,6.8,1.9,"New Jersey Nets, 2001-2004"
Kelan Martin,96,5.5,2.4,0.6,96,5.5,2.4,0.6,"Minnesota Timberwolves, 2020"
Jeremiah Martin,18,4.8,0.9,1.2,18,4.8,0.9,1.2,"Brooklyn Nets, 2020"
Jeff Martin,143,6.7,2,0.8,143,6.7,2,0.8,"Los Angeles Clippers, 1990-1991"
KJ Martin,211,10.3,4.7,1.3,211,10.3,4.7,1.3,"Houston Rockets, 2021-2023"
Jarell Martin,184,5.4,3.5,0.6,184,5.4,3.5,0.6,"Memphis Grizzlies, 2016"
Fernando Martín,24,0.9,1.2,0.4,24,0.9,1.2,0.4,"Portland Trail Blazers, 1987"
Don Martin,137,3,-,0.3,137,3,-,0.3,"St. Louis Bombers, 1947-1949"
Dino Martin,92,9.1,-,0.8,92,9.1,-,0.8,"Providence Steamrollers, 1947-1948"
Darrick Martin,514,6.9,1.1,2.9,514,6.9,1.1,2.9,"Minnesota Timberwolves, 1995-1996"
Cuonzo Martin,7,1.3,0.4,0.4,7,1.3,0.4,0.4,"Vancouver Grizzlies, 1996"
Cody Martin,178,5.8,3.5,2.1,178,5.8,3.5,2.1,"Charlotte Hornets, 2020-2023"
Cartier Martin,243,5.1,1.9,0.5,243,5.1,1.9,0.5,"Charlotte Bobcats, 2009"
Caleb Martin,203,7.9,3.7,1.3,203,7.9,3.7,1.3,"Charlotte Hornets, 2020-2021"
Brian Martin,8,0.8,0.5,0,8,0.8,0.5,0,"Seattle SuperSonics, 1986"
Bob Martin,54,2.1,2.2,0.3,54,2.1,2.2,0.3,"Los Angeles Clippers, 1994-1995"
Bill Martin,84,4.7,1.6,0.7,84,4.7,1.6,0.7,"Indiana Pacers, 1986"
Vester Marshall,13,1.3,2.8,0.3,13,1.3,2.8,0.3,"Seattle SuperSonics, 1974"
Tom Marshall,168,5.7,2.9,1.1,168,5.7,2.9,1.1,"Rochester Royals, 1955-1957"
Rawle Marshall,63,2.7,1,0.4,63,2.7,1,0.4,"Dallas Mavericks, 2006"
Naji Marshall,164,7.7,3.5,2.1,164,7.7,3.5,2.1,"New Orleans Pelicans, 2021-2023"
Kendall Marshall,160,5,1.6,4.9,160,5,1.6,4.9,"Phoenix Suns, 2013"
Donyell Marshall,957,11.2,6.7,1.4,957,11.2,6.7,1.4,"Minnesota Timberwolves, 1995"
Donny Marshall,119,2.5,1,0.3,119,2.5,1,0.3,"Cleveland Cavaliers, 1996-1997"
Ricky Marsh,60,4.5,1.3,1.5,60,4.5,1.3,1.5,"Golden State Warriors, 1978"
Jim Marsh,39,3.1,2.2,0.8,39,3.1,2.2,0.8,"Portland Trail Blazers, 1972"
Harvey Marlatt,61,3.7,1.4,1.5,61,3.7,1.4,1.5,"Detroit Pistons, 1971-1973"
Sean Marks,230,2.8,2.2,0.2,230,2.8,2.2,0.2,"Toronto Raptors, 1999-2000"
Damir Markota,30,1.7,1,0.2,30,1.7,1,0.2,"Milwaukee Bucks, 2007"
Lauri Markkanen,357,17.5,7.2,1.4,357,17.5,7.2,1.4,"Chicago Bulls, 2018-2021"
Boban Marjanović,320,5.6,3.6,0.5,320,5.6,3.6,0.5,"San Antonio Spurs, 2016"
Shawn Marion,1163,15.2,8.7,1.9,1163,15.2,8.7,1.9,"Phoenix Suns, 2000"
Jack Marin,849,14.8,5.2,2.1,849,14.8,5.2,2.1,"Baltimore Bullets, 1967"
Saul Mariaschin,43,7.7,-,1.4,43,7.7,-,1.4,"Boston Celtics, 1948"
Šarūnas Marčiulionis,363,12.8,2.3,2.2,363,12.8,2.3,2.2,"Golden State Warriors, 1990-1993"
Stephon Marbury,846,19.3,3,7.6,846,19.3,3,7.6,"Minnesota Timberwolves, 1997-1999"
Roy Marble,29,1.9,1.1,0.4,29,1.9,1.1,0.4,"Atlanta Hawks, 1990"
Devyn Marble,44,2.2,1.6,0.7,44,2.2,1.6,0.7,"Orlando Magic, 2015-2016"
Press Maravich,51,4.6,-,0.1,51,4.6,-,0.1,"Pittsburgh Ironmen, 1947"
Pete Maravich,658,24.2,4.2,5.4,658,24.2,4.2,5.4,"Atlanta Hawks, 1971-1972"
Nick Mantis,52,4.5,1.8,1.8,52,4.5,1.8,1.8,"Minneapolis Lakers, 1960"
Pace Mannion,216,3.1,1.2,1.1,216,3.1,1.2,1.1,"Golden State Warriors, 1984"
Nico Mannion,30,4.1,1.5,2.3,30,4.1,1.5,2.3,"Golden State Warriors, 2021"
Rich Manning,55,3.3,1.7,0.2,55,3.3,1.7,0.2,"Vancouver Grizzlies, 1996-1997"
Guy Manning,73,8.3,4.8,0.5,73,8.3,4.8,0.5,"Houston Mavericks, 1968-1969"
Ed Manning,604,5.9,4.5,0.8,604,5.9,4.5,0.8,"Baltimore Bullets, 1968-1969"
Danny Manning,883,14,5.2,2.3,883,14,5.2,2.3,"Los Angeles Clippers, 1989"
Tre Mann,130,8.9,2.5,1.6,130,8.9,2.5,1.6,"Oklahoma City Thunder, 2022-2024"
Terance Mann,271,8,3.7,2,271,8,3.7,2,"Los Angeles Clippers, 2020-2024"
Frank Mangiapane,6,0.8,-,0,6,0.8,-,0,"New York Knicks, 1947"
Karim Mané,10,1.1,1.4,0.4,10,1.1,1.4,0.4,"Orlando Magic, 2021"
John Mandic,81,4.1,-,1.1,81,4.1,-,1.1,"Indianapolis Jets, 1949"
Ted Manakas,5,2.4,0.6,0.4,5,2.4,0.6,0.4,"Kansas City-Omaha Kings, 1974"
Sandro Mamukelashvili,87,4.9,3.1,1,87,4.9,3.1,1,"Milwaukee Bucks, 2022-2023"
Mike Maloy,71,6.2,3.8,0.7,71,6.2,3.8,0.7,"Virginia Squires, 1971-1972"
Steve Malovic,39,2.1,2.2,0.7,39,2.1,2.2,0.7,"Washington Bullets, 1980"
Matt Maloney,295,7.4,1.7,2.9,295,7.4,1.7,2.9,"Houston Rockets, 1997-1999"
Moses Malone,1455,20.3,12.3,1.3,1455,20.3,12.3,1.3,"Utah Stars, 1975"
Karl Malone,1476,25,10.1,3.6,1476,25,10.1,3.6,"Utah Jazz, 1986-1996"
Jeff Malone,905,19,2.6,2.4,905,19,2.6,2.4,"Washington Bullets, 1984-1987"
Théo Maledon,167,8.1,2.9,3,167,8.1,2.9,3,"Oklahoma City Thunder, 2021-2022"
Lionel Malamed,44,5.9,-,1.4,44,5.9,-,1.4,"Indianapolis Jets, 1949"
Thon Maker,263,4.6,2.8,0.6,263,4.6,2.8,0.6,"Milwaukee Bucks, 2017-2019"
Renaldo Major,1,5,2,0,1,5,2,0,"Golden State Warriors, 2007"
Dan Majerle,955,11.4,4.5,2.9,955,11.4,4.5,2.9,"Phoenix Suns, 1989-2002"
Rick Mahorn,1117,6.9,6.2,1,1117,6.9,6.2,1,"Washington Bullets, 1981-1985"
Mo Mahoney,8,1.5,1.1,0.3,8,1.5,1.1,0.3,"Boston Celtics, 1953"
Brian Mahoney,19,3.1,0.7,0.6,19,3.1,0.7,0.6,"New York Nets, 1973"
John Mahnken,414,5.8,2.9,1.3,414,5.8,2.9,1.3,"Washington Capitols, 1947-1948"
Ian Mahinmi,618,5.2,4.4,0.6,618,5.2,4.4,0.6,"San Antonio Spurs, 2008-2010"
Randy Mahaffey,321,11.9,8,1.6,321,11.9,8,1.6,"Kentucky Colonels, 1968-1969"
Will Magnay,1,0,0,0,1,0,0,0,"New Orleans Pelicans, 2021"
Jamaal Magloire,680,7.2,6.5,0.6,680,7.2,6.5,0.6,"Charlotte Hornets, 2001-2002"
Dave Magley,14,0.9,0.7,0.1,14,0.9,0.7,0.1,"Cleveland Cavaliers, 1983"
Corey Maggette,827,16,4.9,2.1,827,16,4.9,2.1,"Orlando Magic, 2000"
Josh Magette,26,2.2,1,2.4,26,2.2,1,2.4,"Atlanta Hawks, 2018"
Norm Mager,24,5.2,2,1,24,5.2,2,1,"Baltimore Bullets, 1951"
Mark Madsen,453,2.2,2.6,0.4,453,2.2,2.6,0.4,"Los Angeles Lakers, 2001-2003"
Gerald Madkins,48,1.7,0.5,1.4,48,1.7,0.5,1.4,"Cleveland Cavaliers, 1994"
Tito Maddox,9,1.2,0.8,0.6,9,1.2,0.8,0.6,"Houston Rockets, 2003"
Kyle Macy,551,9.5,2.2,4,551,9.5,2.2,4,"Phoenix Suns, 1981-1985"
J.P. Macura,3,2,1,0.7,3,2,1,0.7,"Charlotte Hornets, 2019"
Mark Macon,251,6.7,1.9,1.7,251,6.7,1.9,1.7,"Denver Nuggets, 1992-1993"
Daryl Macon,12,2.7,1,0.7,12,2.7,1,0.7,"Dallas Mavericks, 2019"
Johnny Macknowski,117,7,1.9,1.1,117,7,1.9,1.1,"Syracuse Nationals, 1950-1951"
Vernon Macklin,23,2,1.5,0.2,23,2,1.5,0.2,"Detroit Pistons, 2012"
Rudy Macklin,160,6.4,2.9,0.8,160,6.4,2.9,0.8,"Atlanta Hawks, 1982-1983"
Malcolm Mackey,22,1.5,1.1,0,22,1.5,1.1,0,"Phoenix Suns, 1994"
Shelvin Mack,456,6.6,2,3.1,456,6.6,2,3.1,"Washington Wizards, 2012-2013"
Sam Mack,259,7.8,2.1,1.3,259,7.8,2.1,1.3,"San Antonio Spurs, 1993"
Ollie Mack,128,7.2,2.5,1.8,128,7.2,2.5,1.8,"Los Angeles Lakers, 1980"
Arvydas Macijauskas,19,2.3,0.5,0.3,19,2.3,0.5,0.3,"New Orleans/Oklahoma City Hornets, 2006"
Scott Machado,10,1.8,0.1,0.9,10,1.8,0.1,0.9,"Houston Rockets, 2013"
Ed Macauley,641,17.5,7.5,3.2,641,17.5,7.5,3.2,"St. Louis Bombers, 1950"
Mike Macaluso,30,1.6,0.8,0.1,30,1.6,0.8,0.1,"Buffalo Braves, 1974"
Don MacLean,319,10.9,3.8,1.3,319,10.9,3.8,1.3,"Washington Bullets, 1993-1995"
Ronnie MacGilvray,6,1.3,1.5,1.8,6,1.3,1.5,1.8,"Milwaukee Hawks, 1955"
Todd MacCulloch,223,6.1,4,0.5,223,6.1,4,0.5,"Philadelphia 76ers, 2000-2001"
Sheldon Mac,30,3,1.1,0.5,30,3,1.1,0.5,"Washington Wizards, 2017"
Jordan Nwora,157,7.7,3.3,1,157,7.7,3.3,1,"Milwaukee Bucks, 2021-2023"
David Nwaba,237,6.8,3.7,1,237,6.8,3.7,1,"Los Angeles Lakers, 2017"
Dennis Nutt,25,2.3,0.3,0.6,25,2.3,0.3,0.6,"Dallas Mavericks, 1987"
Jusuf Nurkić,471,12.3,8.6,2.3,471,12.3,8.6,2.3,"Denver Nuggets, 2015-2017"
James Nunnally,37,2.6,0.9,0.5,37,2.6,0.9,0.5,"Atlanta Hawks, 2014"
Kendrick Nunn,193,12.1,2.4,2.4,193,12.1,2.4,2.4,"Miami Heat, 2020-2021"
Frank Ntilikina,316,4.8,1.8,2.2,316,4.8,1.8,2.2,"New York Knicks, 2018-2021"
Dirk Nowitzki,1522,20.7,7.5,2.4,1522,20.7,7.5,2.4,"Dallas Mavericks, 1999-2001"
Mel Nowell,115,8.4,2.3,2.1,115,8.4,2.3,2.1,"Chicago Zephyrs, 1963"
Jaylen Nowell,184,9.1,2.2,1.9,184,9.1,2.2,1.9,"Minnesota Timberwolves, 2020-2023"
Steve Novak,467,4.7,1.3,0.3,467,4.7,1.3,0.3,"Houston Rockets, 2007-2008"
Mike Novak,125,3.4,0.4,1.4,125,3.4,0.4,1.4,"Rochester Royals, 1949-1950"
Stan Noszka,110,6,-,0.6,110,6,-,0.6,"Pittsburgh Ironmen, 1947"
George Nostrand,221,8.2,-,0.8,221,8.2,-,0.8,"Toronto Huskies, 1947"
Willie Norwood,430,7.5,3.7,0.8,430,7.5,3.7,0.8,"Detroit Pistons, 1972-1978"
Zach Norvell,5,2,1.2,0.6,5,2,1.2,0.6,"Los Angeles Lakers, 2020"
Sylvester Norris,17,2.4,2.5,0.4,17,2.4,2.5,0.4,"San Antonio Spurs, 1980"
Moochie Norris,445,5.1,2,2.8,445,5.1,2,2.8,"Vancouver Grizzlies, 1997"
Audie Norris,187,4.4,3.1,0.8,187,4.4,3.1,0.8,"Portland Trail Blazers, 1983-1985"
Ken Norman,646,13.5,6.1,2.1,646,13.5,6.1,2.1,"Los Angeles Clippers, 1988-1990"
Connie Norman,99,6,1.5,0.9,99,6,1.5,0.9,"Philadelphia 76ers, 1975-1976"
Johnny Norlander,217,8.3,1,1,217,8.3,1,1,"Washington Capitols, 1947-1951"
Bevo Nordmann,133,4.3,3.9,0.5,133,4.3,3.9,0.5,"Cincinnati Royals, 1962"
Jeff Nordgaard,13,1.4,1.1,0.2,13,1.4,1.1,0.2,"Milwaukee Bucks, 1998"
Jim Nolan,5,1.6,-,0.8,5,1.6,-,0.8,"Philadelphia Warriors, 1950"
Lucas Nogueira,141,3.2,2.8,0.5,141,3.2,2.8,0.5,"Toronto Raptors, 2015-2018"
Paul Noel,201,3.3,1.4,0.7,201,3.3,1.4,0.7,"New York Knicks, 1948-1950"
Nerlens Noel,467,7.1,6.1,1.1,467,7.1,6.1,1.1,"Philadelphia 76ers, 2015-2017"
David Noel,68,2.7,1.8,1,68,2.7,1.8,1,"Milwaukee Bucks, 2007"
Andrés Nocioni,514,10.5,4.5,1.2,514,10.5,4.5,1.2,"Chicago Bulls, 2005-2009"
Chuck Noble,411,8,2.6,3.3,411,8,2.6,3.3,"Fort Wayne Pistons, 1956-1957"
Joakim Noah,672,8.8,9,2.8,672,8.8,9,2.8,"Chicago Bulls, 2008-2016"
Zeke Nnaji,145,4.9,2.6,0.3,145,4.9,2.6,0.3,"Denver Nuggets, 2021-2024"
Norm Nixon,768,15.7,2.6,8.3,768,15.7,2.6,8.3,"Los Angeles Lakers, 1978-1983"
Dyron Nix,20,2,1.3,0.3,20,2,1.3,0.3,"Indiana Pacers, 1990"
Daishen Nix,84,3.6,1.6,2,84,3.6,1.6,2,"Houston Rockets, 2022-2023"
Kurt Nimphius,564,6.4,4.4,1.2,564,6.4,4.4,1.2,"Dallas Mavericks, 1982-1986"
Mike Niles,44,2.6,1.3,0.3,44,2.6,1.3,0.3,"Phoenix Suns, 1981"
Richie Niemiera,115,6,-,1.8,115,6,-,1.8,"Fort Wayne Pistons, 1949"
Rich Niemann,187,6.6,5.8,0.8,187,6.6,5.8,0.8,"Detroit Pistons, 1969"
Carl Nicks,156,6.8,1.9,1.6,156,6.8,1.9,1.6,"Denver Nuggets, 1981"
Gaylon Nickerson,4,3.8,1.3,0.3,4,3.8,1.3,0.3,"San Antonio Spurs, 1997"
Andrew Nicholson,285,6,3,0.4,285,6,3,0.4,"Orlando Magic, 2013-2016"
Jack Nichols,505,10.4,6.9,1.9,505,10.4,6.9,1.9,"Washington Capitols, 1949-1950"
Demetris Nichols,18,1.2,0.4,0.1,18,1.2,0.4,0.1,"Cleveland Cavaliers, 2008"
Georges Niang,391,6.5,2.1,0.9,391,6.5,2.1,0.9,"Indiana Pacers, 2017"
Bill Newton,35,2.1,1.9,0.4,35,2.1,1.9,0.4,"Indiana Pacers, 1973-1974"
Dave Newmark,176,5.7,3.9,0.7,176,5.7,3.9,0.7,"Chicago Bulls, 1969"
Malik Newman,2,5,0.5,0.5,2,5,0.5,0.5,"Cleveland Cavaliers, 2020-2022"
Johnny Newman,1159,11,2.2,1.5,1159,11,2.2,1.5,"Cleveland Cavaliers, 1987"
Mike Newlin,837,14.9,3,4,837,14.9,3,4,"Houston Rockets, 1972-1979"
Ira Newble,380,5.1,2.9,0.9,380,5.1,2.9,0.9,"San Antonio Spurs, 2001"
Ivano Newbill,134,1.5,2.6,0.4,134,1.5,2.6,0.4,"Detroit Pistons, 1995"
Melvin Newbern,33,3.6,1.1,1.7,33,3.6,1.1,1.7,"Detroit Pistons, 1993"
Chuck Nevitt,155,1.6,1.5,0.1,155,1.6,1.5,0.1,"Houston Rockets, 1983-1990"
Paul Neumann,451,11.1,2.9,3.2,451,11.1,2.9,3.2,"Syracuse Nationals, 1962-1963"
Johnny Neumann,455,13.2,2.7,3,455,13.2,2.7,3,"Memphis Pros, 1972"
Bob Netolicky,618,16,8.9,1.4,618,16,8.9,1.4,"Indiana Pacers, 1968-1976"
Raul Neto,435,5.7,1.5,2.1,435,5.7,1.5,2.1,"Utah Jazz, 2016-2019"
Rasho Nesterović,811,6.8,5.1,1,811,6.8,5.1,1,"Minnesota Timberwolves, 1999-2003"
Martin Nessley,44,1.1,1.9,0.4,44,1.1,1.9,0.4,"Los Angeles Clippers, 1988"
Aaron Nesmith,180,7,2.9,0.8,180,7,2.9,0.8,"Boston Celtics, 2021-2022"
Tyrone Nesby,255,9.5,3.7,1.5,255,9.5,3.7,1.5,"Los Angeles Clippers, 1999-2001"
Dick Nemelka,39,5.5,1.5,1.5,39,5.5,1.5,1.5,"Utah Stars, 1971"
Ruben Nembhard,10,4,0.8,1.7,10,4,0.8,1.7,"Utah Jazz, 1997"
RJ Nembhard Jr.,14,1.1,0.5,0.9,14,1.1,0.5,0.9,"Cleveland Cavaliers, 2022"
Andrew Nembhard,84,9.4,2.6,4.5,84,9.4,2.6,4.5,"Indiana Pacers, 2023-2024"
Ron Nelson,59,3.2,0.9,0.8,59,3.2,0.9,0.8,"The Floridians, 1971"
Louie Nelson,224,9.4,2.4,1.9,224,9.4,2.4,1.9,"Capital Bullets, 1974"
Jameer Nelson,878,11.3,3,5.1,878,11.3,3,5.1,"Orlando Magic, 2005-2014"
Don Nelson,1053,10.3,4.9,1.4,1053,10.3,4.9,1.4,"Chicago Zephyrs, 1963"
DeMarcus Nelson,13,4.1,1.8,1,13,4.1,1.8,1,"Golden State Warriors, 2009"
Barry Nelson,28,1.3,0.7,0.3,28,1.3,0.7,0.3,"Milwaukee Bucks, 1972"
Al Negratti,11,2.8,-,0.5,11,2.8,-,0.5,"Washington Capitols, 1947"
Nemanja Nedović,24,1.1,0.6,0.5,24,1.1,0.6,0.5,"Golden State Warriors, 2014"
Ed Nealy,540,2.7,3.3,0.7,540,2.7,3.3,0.7,"Kansas City Kings, 1983-1985"
Lloyd Neal,435,11.1,7.7,1.5,435,11.1,7.7,1.5,"Portland Trail Blazers, 1973-1979"
Jim Neal,80,4.4,3.8,0.4,80,4.4,3.8,0.4,"Syracuse Nationals, 1954"
Gary Neal,352,9.9,2.2,1.6,352,9.9,2.2,1.6,"San Antonio Spurs, 2011-2013"
Craig Neal,63,2.5,0.7,2.5,63,2.5,0.7,2.5,"Portland Trail Blazers, 1989"
Maurice Ndour,32,3.1,2,0.3,32,3.1,2,0.3,"New York Knicks, 2017"
Juan Carlos Navarro,82,10.9,2.6,2.2,82,10.9,2.6,2.2,"Memphis Grizzlies, 2008"
Willie Naulls,716,15.8,9.1,1.6,716,15.8,9.1,1.6,"St. Louis Hawks, 1957"
Kenny Natt,49,3.1,0.8,0.8,49,3.1,0.8,0.8,"Indiana Pacers, 1981"
Calvin Natt,599,17.2,6.8,2.2,599,17.2,6.8,2.2,"New Jersey Nets, 1980"
Howard Nathan,5,2.6,0,0.4,5,2.6,0,0.4,"Atlanta Hawks, 1996"
Swen Nater,722,12.4,11.6,1.7,722,12.4,11.6,1.7,"Virginia Squires, 1974"
Steve Nash,1217,14.3,3,8.5,1217,14.3,3,8.5,"Phoenix Suns, 1997-1998"
